:020000040800F2
:10000000F03D0024AD020008C95F0008995D0008BA
:10001000C15F0008190C00081970000800000000FA
:10002000000000000000000000000000296200083D
:100030006910000800000000D15F0008316200086C
:10004000C7020008C7020008C7020008C70200086C
:10005000C7020008C7020008C7020008C70200085C
:10006000C7020008C7020008C7020008210C0008E8
:10007000C7020008C7020008C7020008C70200083C
:10008000C7020008C7020008C7020008C70200082C
:10009000C7020008C7020008C7020008C70200081C
:1000A000C7020008C7020008C7020008C70200080C
:1000B000C7020008C7020008C7020008C7020008FC
:1000C000C7020008C7020008C7020008C7020008EC
:1000D000C7020008C7020008C7020008C7020008DC
:1000E000C7020008C702000800000000C70200089D
:1000F000C7020008C7020008C7020008C7020008BC
:10010000C7020008C7020008C7020008C7020008AB
:10011000C7020008C7020008C7020008C70200089B
:10012000C7020008C7020008C7020008C70200088B
:10013000C7020008C7020008C7020008C70200087B
:1001400000000000000000000000000000000000AF
:10015000C7020008C7020008C7020008C70200085B
:10016000C7020008C7020008C7020008C70200084B
:10017000C7020008C7020008C7020008C70200083B
:10018000C7020008C7020008C7020008C70200082B
:10019000C7020008C7020008C7020008C70200081B
:1001A000C7020008C7020008C7020008C70200080B
:1001B000C7020008C7020008C7020008C7020008FB
:1001C000C7020008C7020008C7020008C7020008EB
:1001D000C7020008C7020008C7020008C7020008DB
:1001E000C7020008C7020008C7020008C7020008CB
:1001F000C7020008C7020008C7020008C7020008BB
:10020000C7020008C7020008C7020008C7020008AA
:10021000C7020008C7020008C7020008C70200089A
:10022000C7020008C7020008C7020008000000005B
:10023000C7020008C702000800000000C70200084B
:10024000C7020008C7020008C7020008C70200086A
:10025000C7020008C7020008C7020008C70200085A
:10026000C7020008C7020008C7020008C70200084A
:10027000C7020008C7020008C7020008000000000B
:10028000C7020008C7020008C702000800000000FB
:1002900000000000C7020008DFF80CD000F048FAA8
:1002A00000480047E1750008F03D002406488047FB
:1002B00006480047FEE7FEE7FEE7FEE7FEE7FEE74B
:1002C000FEE7FEE7FEE7FEE7796300089902000813
:1002D0002DE9F05F0546002092469B46884606467B
:1002E000814640241BE0284641464746224600F00E
:1002F00057F853465A46C01A914110D31146184632
:10030000224600F03EF82D1A67EB01084F462246C0
:100310000120002100F035F817EB00094E41201EA6
:10032000A4F10104DFDC484631462A464346BDE8D5
:10033000F09FD2B201E000F8012B491EFBD27047BA
:100340000022F6E710B513460A4604461946FFF7A1
:10035000F0FF204610BD30B50B460146002020229C
:10036000012409E021FA02F59D4205D303FA02F5C2
:10037000491B04FA02F52844151EA2F10102F1DC22
:1003800030BD202A04DB203A00FA02F10020704739
:100390009140C2F1200320FA03F3194390407047C3
:1003A000202A04DB203A21FA02F00021704721FACA
:1003B00002F3D040C2F12002914008431946704731
:1003C0002DE9FE4F804681EA0300C00F0C460090E5
:1003D00021F0004123F00045B8EB0200A94105D20D
:1003E0004046214690461C460B46024623F00040FC
:1003F000104347D0270DC7F30A00C3F30A510290F8
:10040000401A019040286BDAC3F3130040F4801BBC
:100410000098924620B10023D2EB030A63EB0B0B4A
:1004200001985946C0F140025046FFF7AAFF064620
:100430000D4650465946019A00F08CF910EB080021
:100440006141002487EA115284EAE7731A4340D0DD
:10045000009A62B3019A012A4FEA075215DC001B89
:1004600061EB02014FF0004202EA0752CDE900427F
:10047000001C41F5801132462B4600F08CF903B088
:10048000BDE8F08F40462146F9E7001B61EB020111
:10049000001C41F5801300185B412018A2F50017DD
:1004A00047EB030140EAD570B6196D4111E06D08C4
:1004B0004FEA360645EAC0754FEA0752001B61EB6A
:1004C0000201001C41F5801149084FEA3000001973
:1004D000514132462B4603B0BDE8F04F00F04CB915
:1004E0000098012240000023D0EB020263EBE0738E
:1004F000009821464FEAE074B8EB000061EB04017C
:10050000E9E783F000435BE781F0004158E72DE91C
:10051000FE4F81EA030404F0004421F000410094FE
:100520004FF0000B23F0004350EA01045ED052EA82
:1005300003045BD0C3F30A54C1F30A552C44A4F25C
:10054000F3340194A0FB0254C1F3130141F4801170
:10055000C3F3130343F4801301FB024400FB034E77
:10056000840A970A44EA815447EA8357A4FB076840
:1005700002958D0A05FB07854FEA932C04FB0C546A
:100580002705029D4FEA065847EA1637B5EB0805DE
:100590006EEB070C870E920E47EA811742EA831230
:1005A000A7FB0201B6EB0B0164EB00042B0D43EA41
:1005B0000C335E1844EB1C50DA465146E7FB02014F
:1005C000C5F313044FEA0B3343EA14534FEA0432E2
:1005D000019C43EA0603A4F10C040294009CCDE9BB
:1005E00000B400F0D8F803B0BDE8F08F0020014659
:1005F000F9E72DE9F04D81EA030404F0004B21F006
:10060000004514464FF0000A23F0004150EA05026D
:1006100020D054EA01021DD0C5F30A570246C5F3A3
:100620001303C1F31300C1F30A5640F4801543F4D9
:100630008013A7EB0608101BD64608F2FD3873EBB3
:10064000050002D308F1010801E092185B41B8F1FE
:10065000000F03DA00200146BDE8F08D00204FF4C2
:100660008011064684460EE0171B73EB050705D381
:10067000121B63EB050306434CEA010C49084FEAE1
:10068000300092185B4150EA0107EDD152EA0300B5
:1006900012D082EA040083EA0501084305D0101B4A
:1006A000AB4106D20122002306E000224FF00043B6
:1006B00002E06FF0010253101AEB06004CEB0851F8
:1006C00010EB0A0041EB0B01BDE8F04D00F054B80F
:1006D000C1F30A52C1F3130140F2FF3341F4801118
:1006E0009A4202DA00200146704740F233439A42B0
:1006F000A2F2334202DC5242FFF752BEFFF741BE84
:1007000030B5041E71F1000404DB4FF00044404298
:1007100064EB0101141E73F1000405DB1C464FF06D
:100720000043524263EB0403994208BF904230BD3C
:10073000064C074D06E0E06840F0010394E807002E
:1007400098471034AC42F6D3FFF7AAFD6C0A0108B3
:100750008C0A0108202A06DBCB17203A41FA02F066
:1007600043EAE07306E041FA02F3D040C2F120020E
:10077000914008431946704710B5141E73F10004E8
:1007800008DA401C41F1000192185B411A4301D183
:1007900020F0010010BD2DE9F04D92469B4611B1AD
:1007A000B1FA81F202E0B0FA80F220329046FFF70F
:1007B000E8FD04460F4640EA0A0041EA0B015346B1
:1007C0005A46084313D0114653EA010019D0C8F124
:1007D00040025046FFF7E4FD05460E465046594696
:1007E0004246FFF7CEFD084305D0012004E0204635
:1007F0003946BDE8F08D0020054346EAE0762C43FB
:1008000037430A986305E40AA0EB08000022FD0ABA
:1008100044EA47540A3002D500200146E9E70105C1
:1008200010196941DDE9084500196941BDE8F04D3D
:10083000A2E7000000000000B0B50446006842F2E4
:10084000001140F48070C4F20201884218D142F2D3
:100850000830C4F20200006810F4403F18D004F0E1
:10086000C3FA61680546B1F5803F05D0B1F5403F58
:100870002CD0B1F5003F2AD1080CB5FBF0F526E0ED
:1008800046F20830C5F60200006810F4403FE6D199
:100890004FF40020002103F0A7F961680546A1F597
:1008A00080224FEAB2420A2A11D8DFE802F0070795
:1008B0000707070751535557590000BF6FF0010054
:1008C00000EA5140B5FBF0F501E000BFAD0802F0D1
:1008D0005BFE41F2030188420ED8206842F60151C6
:1008E000C0F231118D4281682CBF41F4807121F436
:1008F00080718160B0BD00BF4BF62140C0F2BE00E8
:10090000854205D82068816821F440718160B0BDBE
:1009100047F64100C0F27D10854207D820680122C9
:10092000816862F309218160B0BD00BF20684FF289
:100930008101C0F2FA218D42816805D8022262F35A
:1009400009218160B0BD00BF41F440718160B0BD3C
:100950002D09BCE76D09BAE7AD09B8E7ED09B6E7BF
:100960002D0AB4E70000000070B5044600688268F4
:10097000836802F0040203F00803D2186CD0C26846
:10098000920121D5627D012A1ED1227D012A1BD12F
:100990000168490613D44DF60441C0F20C01043934
:1009A00050D0026852065CBF02685FEA426206D419
:1009B000026852065CBF02685FEA4262EFD54021DE
:1009C0000160012106E000BF022903D102210826AF
:1009D00012E000BF826852070AD58268920707D4E6
:1009E0004FF6C0738268C7F6FF731A4010328260F8
:1009F00001294FF0040610D0826812070AD58268D8
:100A0000920707D44FF6C0738268C7F6FF731A4087
:100A100020328260032908BF0C2602F0BDFD216848
:100A20008968314218D0054603E000BF8068304233
:100A300012D002F0B1FD401B06282068F6D3816871
:100A40003142F3D0606D40F010006065A06D40F061
:100A50000100A065012070BD002070BD00000000F5
:100A60000146806B426D12F0500F426D06D0D206E7
:100A700010D4C06CC26C0846104700BF42F400712D
:100A8000416501680A681207CA6805D4910709D050
:100A900000F0AEBD00F0C0BD12F4406FF8D1C968DF
:100AA0008904F5D4416D21F480714165416DC9041B
:100AB000EED4416D41F00101416500F099BD0000A7
:100AC000806B416D41F040014165816D41F0040151
:100AD000816500F0A1BD0000806B00F099BD0000B1
:100AE000B0B5016804468A688868C0074FF0000006
:100AF00031D012F0020218BFB0BD886800F00D00BE
:100B000001281FD14FF6C0728868C7F6FF721040E7
:100B1000023088600320086002F03EFD2168896889
:100B2000C90701D10020B0BD054602E08068C007BA
:100B3000F8D002F031FD401B03282068F6D381680D
:100B4000C907F3D0606D40F010006065A06D40F003
:100B50000100A0650120B0BDF0B581B00446006879
:100B60008168C90752D14FF6C0778168C7F6FF7711
:100B700007F17F0211420BD0606D40F010006065FC
:100B8000A06D40F00100A065012001B0F0BD00BFE4
:100B90008168394041F00101816002F0FDFC42F2C0
:100BA000000246F20836C4F20202216802F58073A0
:100BB00002F54275C5F60206994208BF2E469142DB
:100BC0000A4608BF2E469942054604BF42F200027B
:100BD000C4F2020230688A4218BF10F01F0015D11B
:100BE0000868C00712D18868C00704D188683840F7
:100BF00040F00100886002F0CFFC401B2168032810
:100C0000EED30868C007EBD1B6E700BF002001B003
:100C1000F0BD000000000000FEE700000000000042
:100C200043F69400C2F2004001F072BA00000000E6
:100C300040F20F42D0F800C0C4F20202944511DC29
:100C40006F22C4F20202944522DC3F22C4F2020267
:100C5000944539DC1022C4F2020294455AD028226D
:100C600054E000BF40F26F42C4F2020294451BDC24
:100C700040F23F42C4F2020294452DDC40F21042A1
:100C8000C4F20202944545D040F228423EE000BF43
:100C90009F22C4F20202944528DC7022C4F20202B0
:100CA000944537D0882231E040F29F42C4F20202DC
:100CB000944523DC40F27042C4F20202944529D0EC
:100CC00040F2884222E000BF4022C4F20202944572
:100CD00020D058221AE000BF40F24042C4F2020283
:100CE000944517D040F2584210E000BFA022C4F251
:100CF000020294450ED0B82208E000BF40F2B8428C
:100D0000C4F20202944505D040F2A042C4F20202AD
:100D1000944519D16FF00F024AF6AB2352FA8CF2C8
:100D2000CAF6AA23A2FB03310AA35F2AC1F3021168
:100D30005B5C40F2FF312CEA0101C36588BF0431DE
:100D400081650846704700BF2CF0FF0181650846A9
:100D5000704700BF000610160006101600000000C5
:100D600070B540F26F44D0F800C0C4F20204D0F86D
:100D700058E0A4451ADC9F25C4F20205AC4533DCDB
:100D80005725C4F20205AC455ADC1025C4F2020511
:100D9000AC4500F098802825C4F20205AC4500F06F
:100DA00092804025C4F202058AE000BF45F22F453B
:100DB000C5F60205AC452DDC40F2B745C4F202058C
:100DC000AC454BDC40F27045C4F20205AC457AD02C
:100DD00040F28845C4F20205AC4574D040F2A0450B
:100DE000C4F202056CE000BF40F22745C4F20205E0
:100DF000AC4543DCA025C4F20205AC4563D0B82560
:100E0000C4F20205AC455ED040F21045C4F20205C2
:100E100056E000BF45F26B45C5F60205AC453FDC28
:100E200045F23045C5F60205AC454CD045F2444587
:100E3000C5F60205AC4546D045F258453EE000BF38
:100E40005825C4F20205AC453DD07025C4F2020518
:100E5000AC4538D08825C4F2020531E040F2B845EF
:100E6000C4F20205AC452ED045F20845C5F6020590
:100E7000AC4528D045F21C4520E000BF40F2284593
:100E8000C4F20205AC451ED040F24045C4F2020552
:100E9000AC4518D040F25845C4F2020510E000BF3E
:100EA00045F26C45C5F60205AC450CD045F29445BB
:100EB000C5F60205AC4506D045F28045C5F60205EB
:100EC000AC4540F0CF80456EC66E002E866E6E60DB
:100ED0001CBFD0E91C566E60A44515DC9F24C4F2EB
:100EE0000204A4452CDC5724C4F20204A44551DCBE
:100EF0001024C4F20204A4457AD02824C4F20204C7
:100F0000A44575D040246FE045F22F44C5F6020495
:100F1000A44529DC40F2B744C4F20204A44545DCF0
:100F200040F27044C4F20204A44561D040F2884407
:100F3000C4F20204A4455BD040F2A04454E000BFD8
:100F400040F22744C4F20204A4453FDCA024C4F2CA
:100F50000204A4454CD0B824C4F20204A44547D0EE
:100F600040F2104440E000BF45F26B44C5F6020475
:100F7000A44553DC45F23044C5F60204A4455FD0D5
:100F800045F24444C5F60204A44559D045F25844FC
:100F900052E000BF5824C4F20204A44528D07024B3
:100FA000C4F20204A44523D088241DE040F2B844D2
:100FB000C4F20204A4451BD045F20844C5F602045D
:100FC000A4453DD045F21C4436E000BF40F2284421
:100FD000C4F20204A4450BD040F24044C4F202041F
:100FE000A44505D040F25844C4F20204A44539D1C6
:100FF0008468C06D00F01F003F2505FA00F0CEF8B0
:101000000800DCF80000402C20F48020CCF8000020
:10101000CCF8043021D1CCF8082021E045F26C4412
:10102000C5F60204A4450BD045F28044C5F602047F
:10103000A44505D045F29444C5F60204A44511D157
:10104000C46D806804F01F040125402805FA04F4EB
:10105000CEF80440CCF80430DDD0CCF808101146AE
:10106000CCF80C1070BD00007047000000000000BC
:10107000EFF3108072B600BFFEE700000000000032
:1010800070B582B000230193044690F85000012807
:1010900002D1022002B070BD012084F85000204629
:1010A00015460E46FFF71CFD616D18B141F01001A9
:1010B0004CE000BF41F202124FF6C0739143C3F6F9
:1010C000FE7302316165216806F4803605F08045C3
:1010D0008A682E4413404FF2FF72C2F2C352334467
:1010E00003F100438B608B68B3F1FF3F2ADC019B67
:1010F00001330193019B93421DD88B68B3F1FF3FED
:1011000020DC019B01330193019B934213D88B6830
:10111000B3F1FF3F16DC019B01330193019B934226
:1011200009D88B68B3F1FF3F0CDC019B01330193BD
:10113000019B9342D7D9606D40F0100020F002016E
:10114000012003E0616D012262F30101616500216C
:1011500084F8501002B070BDB0B582B090F8502045
:10116000012A03D10221084602B0B0BD42F2083282
:1011700000230193C4F202020093A2F542740368B3
:10118000A34227D14FF6006C4FF60055CFF6FF7CF7
:10119000CFF6FF7552F80C40535923435B0719D41F
:1011A000D1F800E01368BEF1000F23F440441DD0D5
:1011B0004B6823431360535952F80C502B43DB0701
:1011C00022D1136840F61F758968AB4341EA0E01CE
:1011D000194316E0416D41F02001416501210022D3
:1011E00080F85020084602B0B0BD00BF14605159CD
:1011F00052F80C301943C90708D1116840F61F7323
:10120000994311600021EAE70021E8E70021E6E7C1
:10121000F0B581B00022009290F85020012A03D14D
:101220000221084601B0F0BD0768012380F8503064
:10123000BB685B0700F178810B684FF6FF7CB3F168
:10124000FF3FC0F20F0C11DD93FAA3F413EA0C0F69
:10125000B4FA84F44FF0010208BF9C0E9B0E04F018
:101260001F04A240FC692243FA6100E09B0E4A6819
:101270001F2603F01F03C2F3012402F01F02964051
:1012800007EB840403FA02F2256B25EA06063243D3
:101290002263BA68BB6802F0040203F00803D218A4
:1012A00078D10A6807258E68C2F34063C2F30452FE
:1012B00007EB830395405C6906FA02F224EA050510
:1012C0002A435A6141F20002C5F60042126802F058
:1012D0007042B2F1805F33D14A69FB680E2606EA9C
:1012E000530302FA03F30C69042C39D007F16002AE
:1012F0000E6806F0F84652F82450334305F00045D6
:101300002B4342F824300B694E7E52F82350012EB5
:1013100025F0004508BF05F1004542F823500A7E3C
:101320000B693E69013A03F01F03B2FA82F226F418
:10133000F0465209D2029A4032433A612AE000BF95
:10134000FA684B69FE68D2064FEA560402D404F0EC
:101350000E0201E004F0080293400C69042CC5D190
:101360003A6E0B6802F0F8429B069A4240D07A6EC1
:1013700002F0F8429A4244D0BA6E02F0F8429A4221
:1013800048D0FA6E02F0F8429A4203D1FA6E22F087
:101390000042FA66BA68D20728D1CA680B6802F020
:1013A000180503EA0C042CFA05F540F2000CD7F8F6
:1013B000C060C4F2FF7CA6431D40624545EA0602B8
:1013C000C7F8C02056D17CB393FAA3F2B2FA82F2E6
:1013D000013202F01E03092B02F01F032DD8012257
:1013E00003EB43069A4042EA065332E00021A0E0B4
:1013F0003A6E22F000423A667A6E02F0F8429A4261
:10140000BAD17A6E22F000427A66BA6E02F0F842E1
:101410009A42B6D1BA6E22F00042BA66FA6E02F073
:10142000F8429A42B2D0B5E7012202EB936202F091
:101430001E030A2B02F01F03D1D3012203EB430644
:101440009A400023CFF6206303EB06531A4342F081
:101450000073C3F340620725C3F304538E6807EBA0
:1014600082029D40546906FA03F324EA05052B43E2
:1014700053610B68B3F1FF3F02DD002159E000BF6B
:1014800042F2000146F2083CC4F20201C5F6020C29
:1014900001F5807201F542769742624608BF3246F6
:1014A0008F4242F2001508BF324647F48076C4F2FC
:1014B0000205AE4214682FD18A68D1F80811114391
:1014C000C90731D1002104F0E07ECCF684318B4293
:1014D00008BF14F4000133D00021CCF252718B42CA
:1014E00008BF14F0807131D00021CCF6B8718B4266
:1014F0004FF000011DD114F4800204BFACF542721C
:10150000974216D1DCF8001021F0E07141EA0E019B
:1015100041F480015EE000BF4FF60051CFF6FF714D
:101520005CF80110C907CDD0416D41F02001416543
:101530000121002280F85020084601B0F0BD00BF14
:10154000ACF542718F4207D00021F2E7ACF5427151
:101550008F4237D00021ECE7DCF8001042F66352EE
:1015600021F0E071C0F23E5241EA0E0141F4000167
:10157000CCF8001040F20C01C2F200410968890960
:10158000A1FB02129109022202EB41010091009994
:1015900021B3009901390091009909B300990139EB
:1015A00000910099F1B10099013900910099D9B1E8
:1015B000009901390091009900294FF00001E8D10C
:1015C000B7E700BFDCF8001021F0E07141EA0E013E
:1015D00041F08071CCF800100021AAE70021A8E7B3
:1015E0000021A6E70021A4E70021A2E700000000F7
:1015F00042F200010068C4F20201884218BF70473D
:1016000040F218000121C2F2004001707047000052
:10161000704700000000000070470000000000005C
:10162000B0B582B0044600284FF00000019009D008
:10163000606D58B120688168890012D48168C90042
:1016400019D54AE00125284602B0B0BD204600F079
:1016500023F90020A06584F8500020688168890083
:10166000ECD54FF6C0728168C5F6FF7211408160FB
:101670008168C90031D44FF6C0718268C5F6FF7128
:1016800001F18051114042F6635201F180518160B5
:1016900040F20C01C0F23E52C2F2004109688909D1
:1016A000A1FB0212012101EB921101E00199013924
:1016B0000191019989B1019901390191019961B1B2
:1016C000019901390191019900291FBF019901393F
:1016D0000191019918BF0029E8D18168C90009D496
:1016E000616D012541F010016165A16D41F00101BD
:1016F000A16500E000258168626D02F0100201F032
:1017000004018918616D45D121F48171023161654F
:101710008168C90728D142F2001240F48071C4F2F6
:101720000202914242F20001C4F2020140F0A8809C
:101730008A68D1F808311A43D20715D101F58072B1
:1017400001F5427346F2080C9042C5F6020C1A46A7
:1017500018BF0CF54072884208BF1A4660681168CD
:1017600021F47C110843106001F00EFF617D41F20D
:101770000402A36890424FEA4131226B12D3102B2E
:1017800010D1207F114341EA004141F01C010128A2
:101790000FD015E041F0100001256065284602B029
:1017A000B0BD00BF207F1143194341EA0041012829
:1017B00006D1206A0022CFF6FE7202EB40400143C0
:1017C000606A28B100F47870A26A084340EA020116
:1017D00020684CF20303CFF6F073C2681A4011433D
:1017E000C1608168826801F0040102F00802891872
:1017F00032D1217D44F2030CE26AC36842EA8131AE
:1018000023EA0C021143C16094F8381001290169E0
:1018100016D14FF61E02CFF6004201EA020C00215B
:10182000D4E90F23CFF6FF7101EB02414CEA03022A
:10183000636C1143A26C1943114341F0010101E0B3
:1018400021F0010101610169626B21F070411143D6
:1018500001612046FEF7F0FF2068E1680129026B74
:1018600022F00F0102D1A269013A11430163012163
:10187000606D61F301006065284602B0B0BD00BF35
:1018800046F20802C5F602021268D2073FF456AFCC
:101890006AE700000000000070B5B2B002A904467B
:1018A00001F128009821FEF74BFD42F2000120686B
:1018B000C4F20201884201D032B070BD00264FF45C
:1018C0000020029005200490A02005901920069089
:1018D0000220CDE9070080200396CDE9090602A881
:1018E0000B9602F0ADFB08B1FFF7C2FB44F2D84003
:1018F000C5F60200016841F020010160016801F0B5
:10190000200101910199816841F0010181608068A5
:101910004FF0807100F00100019001984FF080704D
:1019200003F026FE43F694051020C2F20045C4F2EF
:10193000020028600920C5E901064FF48060286193
:101940004FF4006068614FF40050A8614FF480705C
:10195000EE60C5E9070628466E6200F0F1FF08B1A7
:10196000FFF786FBE564AC6332B070BD0000000099
:101970002DE9F04381B042F2000746F20836C4F286
:1019800002070446036807F5807507F54270C5F63F
:101990000206AB4208BF0646BB4208BF0646306897
:1019A0009B685B0704D4894694F85010012903D141
:1019B000022001B0BDE8F08300F01F060120092ECF
:1019C00084F850005CD8B04040F22121084257D042
:1019D00020469046FFF7C0F830B1002184F850103F
:1019E00001B0BDE8F08300BF216840F60172A94252
:1019F00018BF0F46606D90438F4200F580706065A0
:101A000018BF002E03D1606D20F480106065606DFA
:101A100040F66123C0044FF0000044BFA06D20F0E9
:101A2000060040F6D927C0F60003A065C0F60007FF
:101A3000E06C0022C0E90F3740F6C123E76AC0F628
:101A40000003C3641C230B6084F8502043464A689B
:101A500042F010024A60CA6822F003023A43CA60A8
:101A600040314A4601F0B4FA21684FF6C073C7F618
:101A7000FF738A681A4004328A6001B0BDE8F083BF
:101A8000002084F85000012001B0BDE8F083000080
:101A900070B5044690F85000012801D1022070BDB5
:101AA000012084F8500003212046FEF75DFF054623
:101AB00020B1002084F85000284670BD2168E06CF9
:101AC000CA6822F00302CA6090F83520022A40D189
:101AD00000F086F8E0B305462068616D41F04001F2
:101AE0006165416821F01001416081688268D20718
:101AF000DFD011F00201DCD1816801F00D01012974
:101B00001ED14FF6C0728168C7F6FF7211400231D4
:101B100081600321016001F03FFD21688968C907E8
:101B2000C7D0064603E000BF8068C007C1D001F0FF
:101B300033FD801B03282068F6D38168C907F3D0E2
:101B4000606D40F010006065204650F8581F3FE07F
:101B50002168486820F01000486088688A68D207C9
:101B600017D010F0020014D1886800F00D00012891
:101B700026D14FF6C0728868C7F6FF721040023057
:101B800088600320086001F007FD21688968C907A3
:101B900008D1204641F20112002550F8541F91430C
:101BA00016E000BF054602E08068C007F1D001F0F2
:101BB000F3FC401B03282068F6D38168C907F3D0E3
:101BC000606D012540F010006065204650F8581FF8
:101BD00041F001010160002084F85000284670BDEA
:101BE0002DE9F041044601F0D7FC1CB3054694F8FA
:101BF0003500022822D140F20F462768C4F20206BF
:101C000040F26F48B7426FF00E00C4F202081DDCCC
:101C10006F21C4F202018F422ADC3F21C4F202018B
:101C20008F4241DC1021C4F202018F4263D028218F
:101C30005CE000BF0120BDE8F08100BF802060654E
:101C40000120002184F83410BDE8F08147451BDCF9
:101C500040F23F41C4F202018F422DDC40F21041BC
:101C6000C4F202018F4246D040F228413EE000BF5C
:101C70009F21C4F202018F4228DC7021C4F20201CC
:101C80008F4238D0882131E040F29F41C4F20201F6
:101C90008F4223DC40F27041C4F202018F422AD00D
:101CA00040F2884122E000BF4021C4F202018F428D
:101CB00021D058211AE000BF40F24041C4F2020195
:101CC0008F4218D040F2584110E000BFA021C4F26A
:101CD00002018F420FD0B82108E000BF40F2B841A6
:101CE000C4F202018F4206D040F2A041C4F20201C8
:101CF0008F42394607D13946386820F01E0041F836
:101D0000140B6FF080000A68474500EA0200086083
:101D10001ADC9F20C4F20200874233DC5720C4F251
:101D2000020087425ADC1020C4F20200874200F011
:101D300097802820C4F20200874200F09180402062
:101D4000C4F202008AE000BF45F22F40C5F602004F
:101D500087422DDC40F2B740C4F2020087424BDCE0
:101D600040F27040C4F20200874279D040F28840CD
:101D7000C4F20200874273D040F2A040C4F20200D5
:101D80006CE000BF40F22740C4F20200874243DC0F
:101D9000A020C4F20200874262D0B820C4F2020040
:101DA00087425DD040F21040C4F2020056E000BF0E
:101DB00045F26B40C5F6020087423FDC45F23040F9
:101DC000C5F6020087424BD045F24440C5F60200FA
:101DD000874245D045F258403EE000BF5820C4F24B
:101DE000020087423CD07020C4F20200874237D004
:101DF0008820C4F2020031E040F2B840C4F2020090
:101E000087422DD045F20840C5F60200874227D010
:101E100045F21C4020E000BF40F22840C4F202001E
:101E200087421DD040F24040C4F20200874217D0E2
:101E300040F25840C4F2020010E000BF45F26C408E
:101E4000C5F6020087420BD045F29440C5F6020069
:101E5000874205D045F28040C5F60200874204D192
:101E6000206E016821F480710160386820F0010063
:101E7000386000BF3868C00710D001F08DFB401BF0
:101E80000628F7D320206065032084F83500012060
:101E9000002184F83410BDE8F08100BF2068B04212
:101EA00010DC6F21C4F2020188421DDC3F21C4F224
:101EB0000201884234DC1021C4F20201884255D06C
:101EC00028214FE040451BDC40F23F41C4F20201B3
:101ED00088422DDC40F21041C4F20201884245D014
:101EE00040F228413EE000BF9F21C4F20201884237
:101EF00028DC7021C4F20201884237D0882131E009
:101F000040F29F41C4F20201884223DC40F270415A
:101F1000C4F20201884229D040F2884122E000BF89
:101F20004021C4F20201884220D058211AE000BFAB
:101F300040F24041C4F20201884217D040F25841B9
:101F400010E000BFA021C4F2020188420ED0B821E7
:101F500008E000BF40F2B841C4F20201884205D057
:101F600040F2A041C4F2020188425BD1D4E91612CA
:101F700002F01F023F2303FA02F28A6040455BDC55
:101F80009F21C4F20201884214DC5721C4F20201ED
:101F9000884227DC1021C4F20201884200F0A280AE
:101FA0002821C4F20201884200F09C804021C4F242
:101FB000020195E040F22741C4F2020188421FDC91
:101FC000A021C4F20201884200F08C80B821C4F242
:101FD0000201884200F0868040F21041C4F2020102
:101FE0007EE000BF5821C4F2020188427AD07021FD
:101FF000C4F20201884275D08821C4F202016FE068
:1020000040F22841C4F2020188426BD040F24041C4
:10201000C4F20201884265D040F25841C4F2020184
:102020005EE000BFD4E9161202F01F02012303FA9A
:1020300002F24A604045A3DD45F22F41C5F6020198
:10204000884217DC40F2B741C4F20201884227DC23
:1020500040F27041C4F20201884243D040F288410C
:10206000C4F2020188423DD040F2A041C4F2020114
:1020700036E000BF45F26B41C5F6020188421FDC25
:1020800045F23041C5F6020188422BD045F2444169
:10209000C5F60201884225D045F258411EE000BF36
:1020A00040F2B841C4F2020188421BD045F2084117
:1020B000C5F60201884215D045F21C410EE000BF72
:1020C00045F26C41C5F6020188420BD045F29441BD
:1020D000C5F60201884205D045F28041C5F60201ED
:1020E00088420BD1616EA26EE06E4A6030B1016829
:1020F00021F480710160D4E91C014160012084F861
:1021000035000020002184F83410BDE8F081000083
:102110002DE9F04782B00021019140F20C01044604
:10212000C2F2004148F2B512C1F64E32A56D0968FF
:1021300040F26F490068C4F20209A1FB0218484549
:102140002E68296816DC9F21C4F2020188422DDC2A
:102150005721C4F20201884252DC1021C4F202016C
:1021600088427CD02821C4F20201884277D04021E5
:1021700070E000BF45F22F42C5F60202904229DC12
:1021800040F2B742C4F20202904245DC40F2704194
:10219000C4F20201884262D040F28841C4F20201D6
:1021A00088425CD040F2A04154E000BF40F2274199
:1021B000C4F2020188423FDCA021C4F2020188423D
:1021C0004DD0B821C4F20201884248D040F21041FB
:1021D00040E000BF45F26B42C5F60202904275DC5A
:1021E00045F23042C5F60202904200F0828045F28C
:1021F0004442C5F6020290427BD045F2584273E059
:102200005821C4F20201884229D07021C4F202018F
:10221000884224D088211DE040F2B842C4F2020274
:1022200090421CD045F20842C5F60202904260D0AE
:1022300045F21C4258E000BF40F22841C4F20201BE
:1022400088420CD040F24041C4F20201884206D0DC
:1022500040F25841C4F20201884240F05A83E16DD5
:10226000082201F01F0140F20F4A8A40C4F2020A1C
:10227000324200F0E68050454FF0040312DC6F2735
:10228000C4F20207B8426FDC3F27C4F20207B8422B
:1022900000F3A4801027C4F20207B84200F0C58002
:1022A0002827BDE048456BDC40F23F47C4F20207F7
:1022B000B84200F39B8040F21047C4F20207B842D4
:1022C00000F0B38040F22847AAE000BF45F26C421C
:1022D000C5F6020290420CD045F28042C5F60202D9
:1022E000904206D045F29442C5F60202904240F078
:1022F00010830268E36D03F01F0304279F400F4221
:1023000018BF12F0040621D102279F400F4218BFC8
:1023100012F002064CD1D940090740F1FA8212F0BE
:10232000080100F0F682016821F00E010160012031
:1023300000FA03F16960606584F835000020E16C03
:1023400084F83400002940F0DC82E2E211046F607E
:1023500026D4910603D4016821F004010160216CA8
:10236000002940F0CE82D4E29F27C4F20207B8428F
:1023700046DC7027C4F20207B84256D088274FE0E7
:1023800040F29F47C4F20207B84241DC40F2704776
:10239000C4F20207B84248D040F2884740E000BF8C
:1023A000D00300F1B382A16C002940F0AA82B0E210
:1023B00011046F6000F1B082910609D4016821F028
:1023C0000A010160012084F83500002084F83400FF
:1023D000E16B002940F095829BE200BF4027C4F2E8
:1023E0000207B84221D058271AE000BF40F2404708
:1023F000C4F20207B84218D040F2584710E000BFBC
:10240000A027C4F20207B8420FD0B82708E000BFE7
:1024100040F2A047C4F20207B84206D040F2B847E3
:10242000C4F20207B84218BF082307681F4208D049
:10243000036823F004030360AA60626D42F00102A6
:10244000626501228A4032426FD0504510DC6F2312
:10245000C4F2020398421DDC3F23C4F202039842F7
:1024600034DC1023C4F20203984256D028234FE0F4
:1024700048451BDC40F23F43C4F2020398422DDC86
:1024800040F21043C4F20203984246D040F228437F
:102490003EE000BF9F23C4F20203984228DC702371
:1024A000C4F20203984238D0882331E040F29F43BF
:1024B000C4F20203984223DC40F27043C4F20203E8
:1024C00098422AD040F2884322E000BF4023C4F261
:1024D0000203984221D058231AE000BF40F2404343
:1024E000C4F20203984218D040F2584310E000BFF3
:1024F000A023C4F2020398420FD0B82308E000BF23
:1025000040F2A043C4F20203984206D040F2B8431E
:10251000C4F20203984240F0058243691B0604D5C9
:10252000AA60626D42F00202626504228A40324271
:102530006FD0504510DC6F23C4F2020398421DDCBB
:102540003F23C4F20203984234DC1023C4F2020396
:10255000984256D028234FE048451BDC40F23F43C9
:10256000C4F2020398422DDC40F21043C4F202038D
:10257000984246D040F228433EE000BF9F23C4F279
:102580000203984228DC7023C4F20203984238D038
:10259000882331E040F29F43C4F20203984223DCD7
:1025A00040F27043C4F2020398422AD040F28843BA
:1025B00022E000BF4023C4F20203984221D05823F6
:1025C0001AE000BF40F24043C4F20203984218D020
:1025D00040F2584310E000BFA023C4F20203984227
:1025E0000FD0B82308E000BF40F2A043C4F20203BA
:1025F000984206D040F2B843C4F20203984240F039
:10260000998103689B0704D5AA60626D42F00402B9
:102610006265102202FA01F1314200F081805045DA
:102620004FF0080210DC6F23C4F2020398421DDC55
:102630003F23C4F20203984234DC1023C4F20203A5
:10264000984256D028234FE048451BDC40F23F43D8
:10265000C4F2020398422DDC40F21043C4F202039C
:10266000984246D040F228433EE000BF9F23C4F288
:102670000203984228DC7023C4F20203984238D047
:10268000882331E040F29F43C4F20203984223DCE6
:1026900040F27043C4F2020398422AD040F28843C9
:1026A00022E000BF4023C4F20203984221D0582305
:1026B0001AE000BF40F24043C4F20203984218D02F
:1026C00040F2584310E000BFA023C4F20203984236
:1026D0000FD0B82308E000BF40F2A043C4F20203C9
:1026E000984206D040F2B843C4F20203984218BFA1
:1026F00004220368134213D0A960016849030168EA
:1027000008D4C90508D4016821F008010160216CD2
:1027100021B905E008034FD4216C09B12046884750
:10272000E06D00F01F01202000FA01F2324200F0BB
:10273000AB8020681023504510DC6F27C4F20207DD
:10274000B8421DDC3F27C4F20207B84238DC10272C
:10275000C4F20207B8425AD0282753E048451BDC90
:1027600040F23F47C4F20207B84231DC40F2104762
:10277000C4F20207B8424AD040F2284742E000BF04
:102780009F27C4F20207B8422CDC7027C4F202076C
:10279000B8423CD0882735E040F29F47C4F2020798
:1027A000B84227DC40F27047C4F20207B8422ED08C
:1027B00040F2884726E000BFA16C0029AED1AFE708
:1027C0004027C4F20207B84221D058271AE000BFC0
:1027D00040F24047C4F20207B84218D040F25847CE
:1027E00010E000BFA027C4F20207B8420FD0B827FC
:1027F00008E000BF40F2A047C4F20207B84206D08A
:1028000040F2B847C4F20207B84218BF0223076873
:102810001F4239D0AA6094F83520042A02681BD1DF
:1028200022F016020260426922F080024261226CAC
:102830000AB9A26C1AB1026822F0080202603F20B5
:102840008840A860012084F83500216D002000290F
:1028500084F8340055D15CE0510301680CD4C905FB
:102860000ED4016821F010010160012084F83500C8
:10287000002084F8340003E0080301D4616C00E018
:10288000E16B09B120468847606D002841D0606D3A
:10289000C00734D0042084F8350020684FEA98211E
:1028A000026822F001020260019A013201928A421A
:1028B0001AD80268D20717D0019A013201928A42CF
:1028C00012D80268D2070FD0019A013201928A42CF
:1028D0000AD80268D20707D0019A013201928A42CF
:1028E00002D80268D207DFD10068C0074FF00300AA
:1028F00008BF012084F83500002084F83400E16C22
:1029000039B1204602B0BDE8F0470847216C0029E4
:10291000F7D102B0BDE8F087D0030DD4616C002977
:10292000EFD1F6E7026804228A4032427FF401AE1A
:102930006FE600BF02686CE6E16B0029E1D1E8E7D1
:10294000F0B581B0044600F027FE002C00F017819E
:1029500040F26F4705462068C4F20207B84217DC10
:102960009F21C4F2020188422EDC5721C4F20201E9
:10297000884255DC1021C4F20201884200F07F80B9
:102980002821C4F20201884279D0402172E000BFC0
:1029900045F22F41C5F60201884229DC40F2B741D9
:1029A000C4F20201884247DC40F27041C4F20201E5
:1029B000884264D040F28841C4F2020188425ED06D
:1029C00040F2A04156E000BF40F22741C4F20201AC
:1029D000884241DCA021C4F2020188424FD0B821D4
:1029E000C4F2020188424AD040F2104142E000BFE6
:1029F00045F26B41C5F60201884200F3C38045F2FF
:102A00003041C5F60201884200F0CF8045F24441D2
:102A1000C5F60201884200F0C88045F25841BFE087
:102A20005821C4F20201884229D07021C4F2020167
:102A3000884224D088211DE040F2B841C4F202014E
:102A400088421CD045F20841C5F60201884200F0D8
:102A5000AC8045F21C41A3E040F22841C4F20201DF
:102A600088420CD040F24041C4F20201884206D0B4
:102A700040F25841C4F20201884240F071820221C2
:102A800084F83510002184F83410016821F0010128
:102A900001600168C90709D000F07EFD401B0528D0
:102AA00000F2688020680168C907F5D148F23F024A
:102AB00004F108060168CFF6106211406CCE114394
:102AC000A2691943E3692943256A0E43616A1643E3
:102AD000042943EA060343EA050303D1D4E90B655D
:102AE00033432B4341F20006C5F600463668B6F183
:102AF000005F1DD36668A6F12905292D18D8DFE8E7
:102B000005F015151515151517171717171717179A
:102B1000171717171717171715151515171717174D
:102B200015151717171717171515151543F48013D3
:102B300003600429436923F0070341EA030140F0DD
:102B4000F180D4E90A53002B41EA050100F0EA8044
:102B5000B2F5005F00F0CC80002A40F0D580022D55
:102B600000F0D580012D00F0C980002D00F0CF804D
:102B7000D8E000BF20206065032084F835000120E4
:102B800001B0F0BD45F26C41C5F6020188420CD09F
:102B900045F28041C5F60201884206D045F29441D3
:102BA000C5F60201884240F0DB81022184F835102D
:102BB000002184F834100168A268A2F18003E6685D
:102BC000B3FA83F3402A4FEA53134FEA83336FF388
:102BD000101108BF1023226941EAD6016669194322
:102BE000A36941EAD201E26941EAD60141EAD3018F
:102BF0004CF6CD4341EAD2014AF6F832CAF2FD72F0
:102C0000266A0244CCF6CC43A2FB032341EA161108
:102C100001606FF0030000EA9300E0652046FEF7D4
:102C200007F8E16D012201F01F0102FA01F1416094
:102C30002068B84240F3858045F22F41C5F6020175
:102C4000884217DC40F2B741C4F20201884229DC15
:102C500040F27041C4F20201884200F0BC8040F2B0
:102C60008841C4F20201884200F0B58040F2A041E0
:102C7000ACE000BF45F26B41C5F60201884223DC9F
:102C800045F23041C5F60201884200F0A48045F2C9
:102C90004441C5F60201884200F09D8045F258414A
:102CA00022E000BF40F2B841C4F20201884200F0C5
:102CB000928045F20841C5F60201884200F08B80FF
:102CC00045F21C4110E000BF45F26C41C5F602011F
:102CD000884200F0808045F29441C5F602018842A6
:102CE00000F0798045F28041C5F6020170E000BF36
:102CF000032D17D8DFE805F00E0B0E02A3F1C0720A
:102D0000B2FA82F2520904E0032D03D30AD1C3F3CD
:102D100000623AB140206065012084F8350001B0BE
:102D2000F0BD00BF41612046FDF782FFE16D3F220B
:102D300001F01F0102FA01F181602068B8423FF7FB
:102D40007BAF9F21C4F20201884211DC5721C4F2FB
:102D50000201884220DC1021C4F2020188423AD0EC
:102D60002821C4F20201884235D040212EE000BF64
:102D700040F22741C4F20201884219DCA021C4F2CA
:102D80000201884227D0B821C4F20201884222D031
:102D900040F210411AE000BF5821C4F202018842FB
:102DA00019D07021C4F20201884214D088210DE0AC
:102DB00040F22841C4F2020188420CD040F2404166
:102DC000C4F20201884206D040F25841C4F2020126
:102DD000884240F0E98045F2574C45F6FC01C5F6C3
:102DE000020CC5F60201604512DC45F22F42C5F621
:102DF0000202904220DC45F20842C5F602029042EF
:102E000034D045F21C42C5F6020290422ED075E045
:102E100045F27F42C5F6020290421BDC45F2584261
:102E2000C5F60202904221D045F26C42C5F602027C
:102E300090421BD062E000BF45F23042C5F602026C
:102E4000904213D045F24442C5F6020290420DD0A2
:102E500054E000BF45F29442C5F60202904205D00C
:102E600045F28042C5F60202904247D16FF0070258
:102E70004CF6CD4352FA80F2CCF6CC43A2FB0323AE
:102E8000A1F1FC05A1F17C061B0905EB830503F00C
:102E90001F02A3682566802B4FF0010303FA02F29C
:102EA0006666A26604D100206060286072601DE042
:102EB0006768FBB2013F072F2B60726016D85E1E59
:102EC000082E19D2604501F1440239DC45F22F4742
:102ED000C5F60207B84245DC45F20847C5F60207C9
:102EE000B84255D045F21C474EE000BF0020606755
:102EF000C4E91B0058E000BFE06E50E06FF00F0225
:102F00004AF6AB2352FA80F2CAF6AA23A2FB0327A1
:102F100040F20F43C4F2020308253A09984203F134
:102F2000AA06134688BF05EB171340F60005B0420A
:102F3000C4F2020505F1800628BF1346A5E700BFCD
:102F400045F27F47C5F60207B84215DC45F25847FF
:102F5000C5F60207B8421BD045F26C4714E000BF2B
:102F6000402008E645F23047C5F60207B8420FD0C8
:102F700045F2444708E000BF45F28047C5F6020726
:102F8000B84205D045F29447C5F60207B84213D1BE
:102F900001EB83000121E066B140226761670021F7
:102FA0000160D4E91C01416000206065012184F8C2
:102FB000351001B0F0BD00BF40F60000C4F20200C1
:102FC00000F1FC0100F5A072E2E700000000000043
:102FD000B0B500283CD0054690F83400012801D156
:102FE0000220B0BD012085F8340095F83500012895
:102FF00028D1022085F8350000206865286804681B
:1030000024F0010404602846FDF7AAFE40F20F42B6
:103010002868C4F2020240F26F419042C4F20201F9
:1030200018DC6F23C4F20203984225DC3F23C4F26C
:10303000020398423CDC1023C4F2020398425ED0A3
:10304000282357E04FF400606865002085F83400BD
:103050000120B0BD88421BDC40F23F43C4F20203B2
:1030600098422DDC40F21043C4F20203984246D04D
:1030700040F228433EE000BF9F23C4F2020398427F
:1030800028DC7023C4F20203984238D0882331E050
:1030900040F29F43C4F20203984223DC40F27043A3
:1030A000C4F2020398422AD040F2884322E000BFD3
:1030B0004023C4F20203984221D058231AE000BFF3
:1030C00040F24043C4F20203984218D040F2584301
:1030D00010E000BFA023C4F2020398420FD0B8232F
:1030E00008E000BF40F2B843C4F20203984206D0A1
:1030F00040F2A043C4F20203984240F02F810368DB
:103100000B2464F3440303602B6C1BB10823046895
:1031100023430360884219DC9F23C4F202039842D0
:1031200032DC5723C4F20203984259DC1023C4F264
:103130000203984200F096802823C4F202039842CA
:1031400000F090804023C4F2020389E045F22F434F
:10315000C5F6020398422DDC40F2B743C4F20203E5
:1031600098424BDC40F27043C4F20203984279D09B
:1031700040F28843C4F20203984273D040F2A04365
:10318000C4F202036CE000BF40F22743C4F2020322
:10319000984243DCA023C4F20203984262D0B823D1
:1031A000C4F2020398425DD040F21043C4F202031D
:1031B00056E000BF45F26B43C5F6020398423FDC80
:1031C00045F23043C5F6020398424BD045F24443E2
:1031D000C5F60203984245D045F258433EE000BF91
:1031E0005823C4F2020398423CD07023C4F2020375
:1031F000984237D08823C4F2020331E040F2B8434A
:10320000C4F2020398422DD045F20843C5F60203EA
:10321000984227D045F21C4320E000BF40F22843EB
:10322000C4F2020398421DD040F24043C4F20203AC
:10323000984217D040F25843C4F2020310E000BF96
:1032400045F26C43C5F6020398420BD045F2944315
:10325000C5F60203984205D045F28043C5F6020345
:10326000984274D12B6E1C68E40303D51C6844F4A7
:1032700080741C60EB6E1BB11D6845F480751D6089
:10328000904211DC6F21C4F2020188421EDC3F2112
:10329000C4F20201884235DC1021C4F202018842E6
:1032A00055D0282150E000BF88421BDC40F23F414E
:1032B000C4F2020188422DDC40F21041C4F2020146
:1032C000884244D040F228413EE000BF9F21C4F232
:1032D0000201884228DC7021C4F20201884236D003
:1032E000882131E040F29F41C4F20201884223DC90
:1032F00040F27041C4F20201884228D040F2884175
:1033000022E000BF4021C4F2020188421FD05821B0
:103310001AE000BF40F24041C4F20201884216D0D8
:1033200040F2584110E000BFA021C4F202018842DF
:103330000DD0B82108E000BF40F2B841C4F202014C
:10334000884204D040F2A041C4F2020188420168E0
:1033500041F0010101600020B0BD00BF03680524F9
:1033600064F3430303602B6C002B3FF4D3AE0423C0
:10337000CDE6000000000000B0B5044600F00CF9F6
:1033800040F204010546C2F20041621C097818BFF0
:103390000C4400BF00F000F9401BA042FAD3B0BDBE
:1033A0002DE9F04F85B08E4642F20042C5F602028A
:1033B0000A2102909042DEF8005008BF0921002D3A
:1033C000009100F0DD800298002400F12642009870
:1033D00002F1FF7201274FEAB2230026092B4FF0BA
:1033E000000838BF1846CDF80CE000900EE000BF92
:1033F000DEF8005008F1010835FA07F006F1020680
:1034000007F1010704F1040400F0BA80A7F1010AF2
:10341000012000FA0AF315EA0309E9D0DEF804B046
:103420000BF003056A1E012A22D802984FEA4801D0
:10343000D0F808C00191032101FA06F203992CEAA1
:10344000020CD1F80CE00EFA06F1DDF80CE041EACE
:103450000C01816041686FEA020CCBF300129943C2
:103460000346019802FA0AF2114359600CE000BFCA
:103470000320032D00FA06F0029B6FEA000C304691
:1034800002D13046032526E0D968DEF8082001EA9B
:103490000C018240022D41EA0201D9601BD1024693
:1034A0006FF0030000EA5A010F20194404F01C03D6
:1034B00000FA03F51046D1F820E0039A2EEA05053C
:1034C000DDF80CE012699A40029B2A430A62DEF89A
:1034D00004B00BF00305196805FA00F001EA0C01CD
:1034E0001BF4403F40EA010018603FF481AF44F212
:1034F000F44140F20845C5F60201C5F600050F2368
:10350000086840F002000860086800F002000490BB
:103510002AF00300049904F00C0142598B409A43AD
:10352000009B03FA01F1114341514FF0B045286867
:10353000DEF8041040EA0902CB0258BF20EA090273
:103540008B022A6040F20405C5F60005286840EAAF
:10355000090258BF20EA09028B032A60D5F88000CF
:1035600040EA090258BF20EA0902C903C5F88020D1
:10357000E86F40EA090258BF20EA0902EA6737E724
:1035800005B0BDE8F08F000041F20000C5F6004034
:103590000068000C7047000043F6EC10C2F20040D7
:1035A000006870470000000040F2040043F6EC1190
:1035B000C2F20040C2F2004100780A68104408607C
:1035C000704700000000000080B5032000F0F8F80C
:1035D00001F092FC44F2184148F22C23C5F6020196
:1035E000C0F600030A68096801F00F01C2F3032264
:1035F000595C9A5C01F01F0102F01F02D04040F2BA
:103600001002C2F2004220FA01F1116040F20C01F6
:10361000C2F2004108600F2000F00AF800281CBF29
:10362000012080BD00F07CF8002080BD000000007B
:1036300070B540F20406C2F200463178E1B10446AA
:1036400040F20C00C2F200404FF47A72B2FBF1F18A
:103650000068B0FBF1F001F097FF0F2C4FF001056F
:1036600008D838B94FF0FF3000222146002500F07D
:1036700077F87460284670BD012070BD000000001E
:1036800010B54EF6A05E4178CEF2000E90F800C064
:103690004EF8081CDEF8001021F00101CEF80010F1
:1036A00041684EF8041C017BC37A827A447B1B0676
:1036B00043EA0171837B41EAC241C27B41EA844112
:1036C000447A41EA4341007A41EA024141EA042155
:1036D00041EA400040EA0C00CEF8000010BD0000B6
:1036E0004EF62450CEF20000BFF35F8F016821F444
:1036F0008031016000210167704700000000000078
:103700004EF6245140F00100CEF20001086708682F
:1037100040F480300860BFF34F8FBFF36F8F704766
:1037200081B044F2F440C5F60200016841F00201A4
:103730000160006800F002000090009801B070473E
:10374000002848BF704700F01F01012202FA01F172
:103750004EF200124009CEF2000242F820107047EB
:10376000B0B54EF60C5C00F00F05CEF2000C043D37
:103770006544DCF800304FF0FF3CC3F3022E8EF0BE
:103780000703042B28BF0423BEF1030438BF002421
:103790000CFA03F3B0F1FF3F21EA030105F10C033A
:1037A00000F160450CFA04F0C8BF05F56443A14080
:1037B00022EA0000084300011870B0BD00000000BC
:1037C0004EF60C514FF6FF03CEF200010A681A4084
:1037D00060F30A2242F0806040F0FD70086070479C
:1037E000B0B544F60C05C5F60205296849072968F5
:1037F00006D401F00701081A18BF0120B0BD00BFB0
:1038000021F0070108432860FFF7C6FE044600BF09
:1038100055F8080C800407D4FFF7BEFE001BB0F576
:103820007A7FF5D90120B0BD0020B0BD00000000B6
:1038300080B501F0D9FA44F2204148F22C22C5F6B5
:103840000201C0F600020968C1F30211515C01F0E7
:103850001F01C84080BD000080B544F2304EC5F65F
:10386000020E5EF8083C5EF8081CC1F3051C5EF809
:10387000041CBCF1000FDEF8042017D0C2F3CC0208
:1038800001F00101514303F00303022B00EE101A73
:10389000B8EE400A10D0012B12D01BB95EF8301CD4
:1038A000890611D49FED361A1CE000BF002181600B
:1038B000C0E9001180BD00BF9FED301A12E000BFCB
:1038C0009FED2D1A0EE000BF5EF8301C49F2000299
:1038D000C0F2D032C1F3C10122FA01F101EE101A97
:1038E000B8EE411ADEF800109FED263A6FF35F2123
:1038F00002EE101ADEF80010C1F34621B8EE422A9B
:1039000000EE032A00EE10CAB7EE003AB8EE400A05
:1039100081EE000A32EE031A02EE101AB8EE422AC5
:1039200020EE010A32EE031A80EE011ABCEEC11A33
:1039300080ED001ADEF80010C1F3064101EE101A06
:10394000B8EE411A31EE031A80EE011ABCEEC11A2C
:1039500080ED011ADEF80010C1F3066101EE101AC5
:10396000B8EE411A31EE031A80EE010ABCEEC00A2D
:1039700010EE101A816080BD0024744A20BCBE4B3A
:103980000024744C0000003980B544F2384EC5F66E
:10399000020E5EF8103C5EF8101CC1F3053C5EF8A8
:1039A0000C1CBCF1000FDEF8042015D0C1F300118F
:1039B000C2F3CC02514300EE101A03F003010229B6
:1039C000B8EE400A0ED089B95EF8381C890611D4C9
:1039D0009FED361A1CE000BF00218160C0E9001194
:1039E00080BD00BF9FED301A12E000BF9FED2D1A81
:1039F0000EE000BF5EF8381C49F20002C0F2D0327F
:103A0000C1F3C10122FA01F101EE101AB8EE411A18
:103A1000DEF800109FED263A6FF35F2102EE101AD8
:103A2000DEF80010C1F34621B8EE422A00EE032A68
:103A300000EE10CAB7EE003AB8EE400A81EE000A76
:103A400032EE031A02EE101AB8EE422A20EE010AF4
:103A500032EE031A80EE011ABCEEC11A80ED001A94
:103A6000DEF80010C1F3064101EE101AB8EE411A5B
:103A700031EE031A80EE011ABCEEC11A80ED011A74
:103A8000DEF80010C1F3066101EE101AB8EE411A1B
:103A900031EE031A80EE010ABCEEC00A10EE101AD5
:103AA000816080BD0024744A20BCBE4B0024744C4D
:103AB000000000390000000080B544F2404EC5F619
:103AC000020E5EF8183C5EF8181CC1F3055C5EF847
:103AD000141CBCF1000FDEF8042015D0C1F3002146
:103AE000C2F3CC02514300EE101A03F00301022985
:103AF000B8EE400A0ED089B95EF8401C890611D490
:103B00009FED361A1CE000BF00218160C0E9001162
:103B100080BD00BF9FED301A12E000BF9FED2D1A4F
:103B20000EE000BF5EF8401C49F20002C0F2D03245
:103B3000C1F3C10122FA01F101EE101AB8EE411AE7
:103B4000DEF800109FED263A6FF35F2102EE101AA7
:103B5000DEF80010C1F34621B8EE422A00EE032A37
:103B600000EE10CAB7EE003AB8EE400A81EE000A45
:103B700032EE031A02EE101AB8EE422A20EE010AC3
:103B800032EE031A80EE011ABCEEC11A80ED001A63
:103B9000DEF80010C1F3064101EE101AB8EE411A2A
:103BA00031EE031A80EE011ABCEEC11A80ED011A43
:103BB000DEF80010C1F3066101EE101AB8EE411AEA
:103BC00031EE031A80EE010ABCEEC00A10EE101AA4
:103BD000816080BD0024744A20BCBE4B0024744C1C
:103BE000000000390000000010B584B0024641F624
:103BF000FF7300209B1A70EB01033BDB40F2FF33A5
:103C00009B1A70EB010361DA82F480630B4300F0CE
:103C1000F78082F400630B4300F0188182F4805235
:103C2000114340F0868144F20041C5F60201086D5F
:103C3000C0F30232042A00F2548148F20000C0F2BC
:103C4000BB00DFE812F015013701410176010500E4
:103C5000C86C0A68520700F04052086802D5002A72
:103C600000F0B981C00540F17581B2F1805F00F0CC
:103C7000CC816FE147F6FF739B1A70EB010355DAB5
:103C800082F400430B4300F0F58082F480330B4351
:103C900000F0008182F40022114340F04A8144F296
:103CA0000040C5F60200816D01F44031B1F5003FDE
:103CB00000F02081B1F5803F00F02A81002940F01A
:103CC00010810068000140F10C81F6E082F48073FD
:103CD0000B4357D082F40072114340F02A8144F222
:103CE0000041C5F60201086DC0F38212042A00F2F9
:103CF000F88048F20000C0F2BB00DFE812F0B90023
:103D0000DB00E5001A010500C86C0A68520700F0E4
:103D10004052086802D5002A00F05D81C00540F1DC
:103D20001981B2F1805F00F0708113E182F40053D9
:103D30000B434DD082F48042114340F0FA8044F2AC
:103D40000044C5F60204A06DC0F30270052800F21D
:103D5000C880DFE810F007001101130115011B01F5
:103D60001D0100BF01F040F8216A48F22C22C0F684
:103D70000002C1F30211515C01F01F01C84004B000
:103D800010BD00BF44F20041C5F60201086D00F00D
:103D90000702042A00F2A58048F20000C0F2BB002E
:103DA000DFE802F0668892C7040000BFC86C0A68AA
:103DB000520700F04052086802D5002A00F00B813B
:103DC000C00540F1C780B2F1805F00F01E81C1E004
:103DD00044F20040C5F60200016DC1F3024105291D
:103DE00000F27F80DFE811F00600DE00E800F2005C
:103DF0000201540004B0BDE8104001F01DB800BF3E
:103E000044F20041C5F60201886DC0F34252042A13
:103E100000F2678048F20000C0F2BB00DFE802F069
:103E2000284A5489040000BFC86C0A68520700F091
:103E30004052086802D5002A00F0CD80C00540F14C
:103E40008980B2F1805F00F0E08083E044F20041BD
:103E5000C5F60201886DC0F30262042A41D848F217
:103E60000000C0F2BB00DFE802F003252F6467000A
:103E7000086834E044F20040C5F60200016D01F02C
:103E80004051B1F1005F4DD0B1F1805F26D041BB10
:103E900000687EE044F20040C5F60200C16C006894
:103EA000C9031CD500011CD501A8FFF76DFD0398BF
:103EB00004B010BD0868000113D501A8FFF764FD28
:103EC000019804B010BD00BF0868800009D501A8A2
:103ED000FFF7F2FD019804B010BD00BF006880013B
:103EE00002D4002004B010BD01A8FFF7B5FC029871
:103EF00004B010BDC16C0268520701F04051026865
:103F000040F17E80002940F07B80C2F3C10064E074
:103F100000688000E5D501A8FFF7CEFD039804B046
:103F200010BD00BF00680001DBD501A8FFF72CFD24
:103F3000029804B010BD00BFC86C0A68520700F0B8
:103F40004052086801D5002A45D0C00502D5B2F11B
:103F5000805F5AD00868B2F1005F00F400314FF082
:103F6000000004BF47F64000C0F27D10002908BFE2
:103F7000084604B010BD00BF206814E020681CE0B3
:103F800020684007ADD5206825E000BF20682EE0FE
:103F9000206847F640018003C0F27D1101EAE0701D
:103FA00004B010BD006800019BD501A8FFF7ECFC30
:103FB000029804B010BD00BF006880007FF591AF8B
:103FC00001A8FFF779FD029804B010BD0168490708
:103FD0007FF587AF0068C0F3C10049F20001C0F26D
:103FE000D03121FA00F004B010BD00BF006840F6E7
:103FF0000011C005C0F23D0101EAE07004B010BD3F
:10400000D20509D5B1F1805F06D140F60010C0F2AB
:104010003D0004B010BD00BF0068B1F1005F00F4C6
:1040200000324FF0000004BF47F64000C0F27D10A0
:10403000002A08BF104604B010BD000000000000B8
:104040002DE9F0470446C07844F22C480007C5F635
:10405000020833D5A06E4FEA305103290CD8DFE8AF
:1040600001F003111D2600BFD8F8001041F4003103
:10407000C8F800101BE000BF01266078C0070BD015
:1040800020E000BF04F10800022101F0A5FF064670
:1040900060B16078C00715D1354646E004F12800CC
:1040A000022102F02DF806460028F2D1A06ED8F8C1
:1040B000241021F440110843C8F824000026607839
:1040C000C007E9D0A06D04280ED83546DFE800F01F
:1040D0000412181E1E0000BFD8F80000354640F438
:1040E0000030C8F8000011E0012501276078800742
:1040F0001FD452E004F10800002101F06DFF04E03C
:1041000004F12800002101F0FBFF05462F461DB1F8
:10411000607880070DD440E0D8F82400A16D20F02D
:10412000070000250843C8F8240037466078800758
:1041300033D5E06D4FEAB01004280DD8DFE800F069
:104140000412181E1E0000BFD8F8000040F4003012
:10415000C8F8000012E000BF012501266078400782
:104160001FD455E004F10800002101F035FF04E000
:1041700004F12800002101F0C3FF05462E461DB1C1
:10418000607840070DD443E0D8F82400E16D20F4B6
:10419000E07000250843C8F824003E4660784007D8
:1041A00036D5D4F8A8004FEA705004280CD8DFE8C0
:1041B00000F00313191F1F00D8F8000040F400306E
:1041C000C8F8000014E000BF01254FF00109607835
:1041D000000721D456E000BF04F10800002101F0DF
:1041E000FBFE04E004F12800002101F089FF0546F0
:1041F000A9461DB1607800070ED443E0D8F82C0022
:10420000D4F8A81020F4600000250843C8F82C005A
:10421000B1466078000735D5D4F8AC004FEA30607D
:1042200004280DD8DFE800F00412181E1E0000BF9D
:10423000D8F8000040F40030C8F8000012E000BFD9
:1042400001250127E078800720D44EE004F1080022
:10425000002101F0C1FE04E004F12800002101F07A
:104260004FFF05462F461DB1E07880070ED43CE095
:10427000D8F82C00D4F8AC1020F0E06000250843FA
:10428000C8F82C004F46E07880072ED5E06C4FEA46
:10429000301003280ED8DFE800F00903130900BF2F
:1042A000D8F8000040F40030C8F800002E467DB970
:1042B00012E000BF012501266078C00619D44CE049
:1042C00004F10800022101F087FE05462E461DB1CB
:1042D0006078C0060DD440E0D8F82000E16C20F0F2
:1042E000300000250843C8F820003E466078C0062C
:1042F00033D5206E4FEA303004280DD8DFE800F0C7
:104300000412181E1E0000BFD8F8000040F4003050
:10431000C8F8000012E000BF012501276078800680
:104320001FD44EE004F10800002101F055FE04E026
:1043300004F12800002101F0E3FE05462F461DB1DF
:10434000607880060DD43CE0D8F82400216E20F47B
:10435000E04000250843C8F824003746607880060E
:104360002FD5606E4FEA3040052809D8DFE800F00D
:10437000040E1404040400BF2E46ADB918E000BFBB
:1043800001250126607840061FD44FE004F10800A3
:10439000012101F021FE04E004F12800012101F0D7
:1043A000AFFE05462E461DB1607840060DD43DE0B7
:1043B000D8F82400616E20F4E02000250843C8F8F6
:1043C00024003E466078400630D5D4F8B0004FEA6D
:1043D0003070052808D8DFE800F0030D130303034D
:1043E0002F46ADB918E000BF01250127607800060F
:1043F00020D442E004F10800012101F0EDFD04E0C9
:1044000004F12800012101F07BFE05462F461DB175
:10441000607800060ED430E0D8F82C00D4F8B01044
:1044200020F0E04000250843C8F82C0037466078AB
:10443000000622D5206F58B1B0F1005F0CD0B0F16A
:10444000805F2FD1D8F8000040F40030C8F8000099
:104450002E469DB908E000BF04F10800012101F0DB
:10446000BBFD05462E464DB9D8F82400216F20F03B
:10447000405000250843C8F824003E46E078C007B5
:1044800033D0A06C032813D8DFE800F008021A0824
:10449000D8F8000040F40030C8F80000A946BDB9C3
:1044A0001AE000BF01250126E078C007E9D11CE031
:1044B00001254FF00109A07840061AD51CE000BF85
:1044C00004F10800022101F087FD0546A9461DB14F
:1044D000A07840060DD50FE0D8F82000A16C20F0A0
:1044E000030000250843C8F82000B146A078400624
:1044F00002D44F4618E000BFD8F8D40340F48070CF
:10450000C8F8D403FFF748F8064600BFD8F8D4032C
:10451000C00507D4FFF740F8801B6428F6D90325AF
:10452000032701E02F468DB12078C00761D0E06FEE
:104530004FEAF00005283BD8DFE800F004404604CD
:10454000040400BF002D2E4646D149E0D8F844109F
:10455000D4F8B400414011F4407F11D0D8F8441091
:10456000D8F8442042F48032C8F84420D8F84420D7
:1045700021F4407122F48032C8F84420C8F8441075
:10458000B0F5807F40F0DE82FFF706F8064641F284
:10459000883A0325032700BFD8F84400800700F1BC
:1045A000CF82FEF7F9FF801B5045F5D9BCE700BF6D
:1045B00001260125207880071FD44CE004F1080073
:1045C000012101F009FD04E004F12800012101F0BE
:1045D00097FD05462E461DB1207880070DD43AE0A0
:1045E000D8F82800E16F20F0380000250843C8F80B
:1045F00028003E46207880072DD5A06F052809D8D1
:10460000DFE800F0040E1404040400BF2F46ADB927
:1046100018E000BF01270125207840071FD44DE096
:1046200004F10800012101F0D7FC04E004F12800A6
:10463000012101F065FD05462F461DB12078400798
:104640000DD43BE0D8F82800A16F20F0070000252A
:104650000843C8F828003746207840072ED5D4F8FC
:104660009400052808D8DFE800F0030D13030303C6
:104670002E46ADB918E000BF01260125207880063E
:1046800020D451E004F10800012101F0A5FC04E070
:1046900004F12800012101F033FD05462E461DB12D
:1046A000207880060ED43FE0D8F82C00D4F894107F
:1046B00020F0070000250843C8F82C003E4620786B
:1046C000800631D5D4F890004FEA3070052809D81B
:1046D000DFE800F0040E1404040400BF2F46ADB957
:1046E00018E000BF012701252078400620D451E0C2
:1046F00004F10800002101F06FFC04E004F128003F
:10470000022101F0FDFC05462F461DB12078400630
:104710000ED43FE0D8F82800D4F8901020F0E04004
:1047200000250843C8F8280037462078400631D5D0
:10473000D4F89C004FEAB020052809D8DFE800F043
:10474000040E1404040400BF2E46ADB918E000BFE7
:10475000012601252078000620D454E004F1080049
:10476000002101F039FC04E004F12800022101F0ED
:10477000C7FC05462E461DB1207800060ED442E047
:10478000D8F82C00D4F89C1020F4E0500025084301
:10479000C8F82C003E462078000634D5D4F8A00096
:1047A0004FEA703005280FD8DFE800F004141A042F
:1047B000040400BF2F46E5B12068010727D4C106D5
:1047C0003ED4000355D475E0012701252068010778
:1047D000F5D51CE004F10800002101F0FDFB04E028
:1047E00004F12800022101F08BFC0546002D2F4624
:1047F000E2D1D8F82C00D4F8A01020F460400025B5
:104800000843C8F82C00374620680107D7D5D4F8EC
:104810008400B0F5805F09D104F12800022101F085
:104820006FFC002818BF0127D4F88400D8F828109E
:1048300021F440510843C8F828002068C106C0D5BB
:10484000D4F89800B0F5807F09D104F12800022146
:1048500001F056FC002818BF0127D4F89800D8F8BA
:104860002C1021F440710843C8F82C002068000384
:1048700020D5D4F8A400B0F5003F0FD0B0F5803FAC
:1048800006D078BB04F10800002101F0A5FB04E08C
:1048900004F12800022101F033FC05462E4655B9EB
:1048A000D8F82C00D4F8A41020F440300025084398
:1048B000C8F82C003E46A07840072BD5D4F88800D5
:1048C000B0F5401F0BD0B0F5001F11D0B0F5801F20
:1048D0002AD1D8F8000040F40030C8F800002F4674
:1048E000CDB90DE001260125A0784007E6D411E0FE
:1048F00004F12800012101F003FC05462F4655B9BB
:10490000D8F82800D4F8881020F440100025084377
:10491000C8F828003746A078C0070AD13E4621686B
:10492000880016D533E000BF01270125A078C00715
:10493000F4D0206DB0F5803F10D018BBD8F800003F
:1049400040F40030C8F800002E4685B12168880088
:104950001DD460688A0326D469E000BF04F1080012
:10496000022101F039FB0546002D2E46EED1D8F884
:104970002000216D20F4803000250843C8F8200075
:10498000CCE700BF0126012521688800E1D504F1AC
:104990002800022101F0B4FB002818BF0126D4E949
:1049A00000108A0343D5D4F880206FF0010303EB95
:1049B0003223022B0BD34FEA322343B1012B40F0B9
:1049C000B980D8F8003043F40033C8F800303DB364
:1049D000CA022FD4CA0037D48A0240D44A0048D42D
:1049E000CA0F55D109025DD4C10766D181076FD4C2
:1049F000410779D4010700F18380C10600F18C8062
:104A0000800607D504F12800022101F079FB002877
:104A100018BF0125002D18BF01252846BDE8F087E5
:104A2000D8F8283023F440731A43C8F828203546B4
:104A3000CA02CFD5D8F82420636F22F000421A436F
:104A4000C8F82420CA00C7D558F81C2CD4F8B830B0
:104A500022F480421A4348F81C2C8A02BED5D8F8AA
:104A60002420E36E22F080721A43C8F824204A0002
:104A7000B6D558F81C2C22F4004248F81C2CD4F867
:104A8000BC2058F81C3C1A4348F81C2CCA0FA9D06B
:104A9000D8F82020636D22F040521A43C8F8202035
:104AA0000902A1D5D8F82810D4F88C2021F44001AF
:104AB0001143C8F82810C10798D004F1080000215C
:104AC00001F08AFA002818BF0546606881078FD573
:104AD00004F10800012101F07FFA002818BF054603
:104AE000606841077FF586AF04F10800022101F0FC
:104AF00073FA002818BF0546606801077FF57DAF8F
:104B000004F12800002101F0FBFA002818BF054637
:104B10006068C1067FF574AF04F12800012101F03F
:104B2000EFFA002818BF0546606880067FF572AF6F
:104B300068E700BF0125CA027FF54CAF7AE700BFE6
:104B4000D4F8B4004FF6CF7358F81C2CC0F2FF0312
:104B500000F4407122F47C5203EA10136FF31F300B
:104B6000B1F5407F08BF1A43002548F81C2CD8F83F
:104B700044100843C8F84400FFF7BBBC0000000025
:104B80002DE9F04381B0002800F02A8142F20008AC
:104B90000446C5F200288946D8F8000000F00F004E
:104BA00088420ED2D8F8000020F00F0040EA090039
:104BB000C8F80000D8F8000000F00F00484540F0A9
:104BC0000F81206844F218474107C5F602070AD54D
:104BD00021693A6802F07002914204D93A6822F0E1
:104BE00070021143396001070AD561697A6802F0E1
:104BF0007002914204D97A6822F070021143796000
:104C0000C1060AD5A1697A6802F4E062914204D92A
:104C10007A6822F4E0621143796081060AD5E1697D
:104C2000BA6802F07002914204D9BA6822F07002A8
:104C30001143B96010F002010AD0E2683B6803F04A
:104C40000F039A4204D93B6823F00F031A433A60DA
:104C5000C20746D0386820F47061D4E90102012807
:104C600041EA0201396009D003280DD0022811D190
:104C700057F8181C890340F1B38010E057F8181C4E
:104C8000C90540F1AD800AE057F8181C890140F1D0
:104C9000A78004E057F8181C490740F1A18057F895
:104CA000081C21F00701084347F8080CFEF774FCC4
:104CB000064641F2883500BF57F8080C616800F0DD
:104CC0003800B0EBC10F09D0FEF766FC801BA8428C
:104CD000F2D9032001B0BDE8F08300BF206800F0E6
:104CE000020151B1E1683A6802F00F02914204D228
:104CF0003A6822F00F0211433960D8F8001001F031
:104D00000F0149450DD9D8F8001021F00F0141EAF3
:104D10000901C8F80010D8F8001001F00F0149454A
:104D20005ED141070AD521693A6802F070029142CA
:104D300004D23A6822F070021143396001070AD5A3
:104D400061697A6802F07002914204D27A6822F0B6
:104D5000700211437960C1060AD5A1697A6802F42C
:104D6000E062914204D27A6822F4E06211437960F1
:104D700080060AD5E069B96801F07001884204D262
:104D8000B96821F070010843B86000F0B5F83968DF
:104D900048F22C233A68C0F60003C1F3032102F065
:104DA0000F02595C9A5C01F01F0120FA01F102F038
:104DB0001F0040F2100221FA00F0C2F2004210601F
:104DC00040F2080040F20C02C2F20040C2F200427F
:104DD0000068116001B0BDE8F043FEF729BC00BFD8
:104DE000012001B0BDE8F08380B500F085F844F201
:104DF000184148F22C23C5F60201C0F600030A68E8
:104E0000096801F00F01C2F30322595C9A5C02F0B9
:104E10001F0220FA02F201F01F0040F2100122FAF4
:104E200000F0C2F20041086040F20C01C2F2004101
:104E30000A6080BD0000000080B500F05DF844F21B
:104E4000184C48F22C21C5F6020CC0F60001DCF823
:104E50000020DCF8003003F00F03C2F30322CB5C28
:104E60008A5C02F01F02D04003F01F0240F21003E0
:104E700020FA02F2C2F200431A6040F20C03C2F2BE
:104E800000431860DCF80400C0F30210085C00F076
:104E90001F0022FA00F080BD80B500F02DF844F22A
:104EA000184C48F22C21C5F6020CC0F60001DCF8C3
:104EB0000020DCF8003003F00F03C2F30322CB5CC8
:104EC0008A5C02F01F02D04003F01F0240F2100380
:104ED00020FA02F2C2F200431A6040F20C03C2F25E
:104EE00000431860DCF80400C0F30220085C00F006
:104EF0001F0022FA00F080BD44F20041C5F6020115
:104F00000869C0F3C200032810D002282CD088BB47
:104F10000868800649F20000C0F2D03058BF7047E0
:104F20000968C1F3C101C840704700BF8A6A886A36
:104F3000C0F3051CC86ABCF1000F4B6B20D0C3F353
:104F4000CC0300F00100584302F00302022A00EEF5
:104F5000100AB8EE400A15D0C2B90868800619D404
:104F60009FED281A23E000BF47F64000C0F27D10F5
:104F7000704700BF40F60010C0F23D00704700BF10
:104F8000002070479FED1E1A11E000BF9FED1B1A15
:104F90000DE000BF086849F20002C0F2D032C0F351
:104FA000C10022FA00F001EE100AB8EE411A086BB7
:104FB0009FED153A6FF35F2002EE100A086BC0F305
:104FC0004620B8EE422A013000EE032A00EE10CA55
:104FD000B7EE003AB8EE400A81EE000A32EE031A4C
:104FE00020EE010A01EE100AB8EE411A80EE010A25
:104FF000BCEEC00A10EE100A704700BF0024744ACD
:1050000020BCBE4B0024744C00000039000000009E
:10501000F0B581B0002800F063810446007844F2C6
:105020000046C007C5F6020622D12078800740F16D
:10503000BC80306910F03801B06A3FD0182908BF31
:105040005FEA80703AD0E0683168002862D021F0D1
:10505000190108433060FEF79FFA054630684007A3
:1050600048D4FEF799FA401B0228F7D977E100BF30
:10507000306900F03801B06A102905D018290BD129
:1050800000F00300022807D130688003CDD56068A6
:105090000028CAD124E100BF606800284CD0B0F5D8
:1050A000A02F61D0B0F5803F62D0306820F480300E
:1050B0003060306820F480205DE000BF3068400739
:1050C000E06802D5002800F00B81316821F0190159
:1050D00008433060FEF760FA054600BF30684007BD
:1050E00008D4FEF759FA401B02284FF00300F5D907
:1050F00021E200BFFEF748FA41F20301884249D895
:1051000020697168402821F47C314BD141F4003092
:105110004AE000BF21F001003060FEF73DFA05468D
:105120003068400741D5FEF737FA401B02284FF0A0
:105130000300F5D9FFE100BF306820F48030306013
:10514000306820F480203060FEF726FA054600BF64
:10515000306880037FF569AFFEF71EFA401B6428B4
:105160004FF00300F4D9E6E1306840F4802030606D
:10517000306840F480303060FEF70EFA054600BF1C
:10518000306880033FF551AFFEF706FA401B6428F4
:10519000F6D9E4E07068216920F0FE4040EA016041
:1051A00002E000BF41EA003070602078C00654D5AC
:1051B000306900F03801B06A082905D0182919D1E2
:1051C00000F00300012815D13068C00503D5E0695F
:1051D000802840F08580FEF7D7F941F2030188422C
:1051E0001ED8206A7168202821F0F84132D141F0A0
:1051F000804031E0E0690028306819D040F080003C
:105200003060FEF7C9F905463068C005E3D4FEF703
:10521000C3F9401B02284FF00300F5D98BE100BF12
:10522000F068216A20F07C5040EA0160F06014E0F0
:1052300020F080003060FEF7AFF905463068C00509
:105240000BD5FEF7A9F9401B02284FF00300F5D952
:1052500071E100BF41EA806070602078000743D4AC
:105260002078800654D42078400765D4656A9DB3C1
:10527000306900F03800182840F0A880012DB16A8C
:10528000306B2DD001F00302A36A9A4228D1C1F3FA
:105290000511E26A914223D10146226B6FF35F212F
:1052A000013A91421CD1C0F34622616B01398A4216
:1052B00016D1C0F30642A16B01398A4210D1C0F366
:1052C0000660E16B013988420AD1706BA16CC0F3B2
:1052D000CC00814240F03281002001B0F0BD00BF1F
:1052E000012001B0F0BD00BF60690028706F39D0A7
:1052F00040F001007067FEF74FF90546706F8007B8
:10530000AED4FEF749F9401B0228F7D927E000BFC9
:10531000A0690028306847D040F480503060FEF724
:105320003BF90546306880049DD4FEF735F9401BF3
:105330000228F7D913E000BFD6F8000440F48070CB
:10534000C6F80004FEF728F9054600BFD6F80004A9
:10535000C00519D4FEF720F9401B6428F6D90320B4
:1053600001B0F0BD20F001007067FEF715F90546A9
:10537000706F80077FF574AFFEF70EF9401B0228AF
:105380004FF00300F4D9D6E0A068002840D00528EB
:1053900058D001285AD0306F20F001003067306FAC
:1053A00020F0040055E000BF20F480503060FEF78C
:1053B000F3F80546306880047FF555AFFEF7ECF84A
:1053C000401B02284FF00300F4D9B4E0306820F00D
:1053D00080703060FEF7E0F8022D05460CD100BF6A
:1053E0003068800148D5FEF7D7F8401B02284FF0FF
:1053F0000300F5D99FE000BF306880017FF56CAFF6
:10540000FEF7CAF8401B02284FF00300F4D992E0DF
:10541000306F20F001003067306F20F004003067FB
:10542000FEF7BAF8054641F28837306F80077FF5FE
:105430001DAFFEF7B1F8401BB8424FF00300F4D99E
:1054400079E000BF306F40F004003067306F40F00B
:1054500001003067FEF7A0F8054641F2883700BF2B
:10546000306F80073FF502AFFEF796F8401BB84259
:105470004FF00300F4D95EE004F12807B06A40F26F
:10548000F33188438ECF0843591E40EA02104FF48F
:105490007E426FF35F21B06202EB47204FF4FE02C1
:1054A00080B2E36B0844A16B02EB01414FF0FE4276
:1054B00001F4FE0102EB0362084402F0FE410844DD
:1054C0003063F06A4FF6F87120F00100F062706B03
:1054D000A26C884340EAC2007063F06A216C20F03D
:1054E0000C000843F062F06A616C20F0020008438F
:1054F000F062F06A40F48030F062F06A40F400300C
:10550000F062F06A40F48020F062F06A40F001003E
:10551000F062306840F080703060FEF73DF804467D
:10552000306880013FF5D8AEFEF736F8001B022840
:105530004FF00300F4D901B0F0BD00BFF06A20F0D5
:105540000100F062FEF728F80546FEF725F8A842AC
:10555000FBD0706B4FF6F871A26C884340EAC20032
:105560007063F06A40F00100F062002001B0F0BD0D
:1055700040F20442C5F60002136823EA0000084323
:105580001060704700000000411E0020B0EB116F5A
:1055900002D00120704700BF4EF21002F023CEF27D
:1055A000000251604EF62351CEF200010B7007212C
:1055B0009060116070470000B0B590F83C20012A5F
:1055C0004FF002025BD080F83D2040F2004C0268B0
:1055D000C4F2010C42F4806363455368D2F808E0DA
:1055E00002BF23F470034C68234341F2FF740D683B
:1055F000C4F2000423F07003A24243EA050353609F
:105600000CDC40F2FF73C4F200039A4216DCB2F1E4
:10561000804F29D040F2004318E000BF40F2FF3332
:10562000C4F201039A4217DC41F60003C4F20003FE
:105630009A4219D00023C4F2010309E040F60003A6
:10564000C4F200039A420FD040F60043C4F20003B4
:105650009A4209D00DE000BF44F20003C4F20103F6
:105660009A4201D0624504D12EF080038968194323
:1056700091600022012180F83D1080F83C20104606
:10568000B0BD00000000000060B310B5044690F803
:105690003D0028B9002084F83C00204600F024F8A2
:1056A000022084F83D002068211D00F0CDFE01207D
:1056B00084F8480084F83E0084F83F0084F84000F5
:1056C00084F8410084F8420084F8430084F84400E0
:1056D00084F8450084F8460084F8470084F83D00CB
:1056E000002010BD0120704781B040F200410068E9
:1056F000C4F20001884201D001B0704744F2E84092
:10570000C5F60200016841F002010160006800F086
:1057100002000090009801B07047000000000000F7
:1057200090F83D10012917D1022180F83D10016841
:1057300041F2FF70C4F2000081420FDC40F2FF70C2
:10574000C4F20000814217DCB1F1804F2CD040F24E
:105750000040C4F2000025E00120704740F2FF3015
:10576000C4F20100814213DC41F60000C4F20000E3
:10577000814219D0002013E040F60000C4F200007E
:10578000814211D040F60040C4F200000AE000BFA0
:1057900044F20000C4F20100814205D040F2004012
:1057A000C4F2010081420BD107228868C0F20102D5
:1057B00002400020062A18BFB2F5803F00D1704792
:1057C000086840F0010008600020704700000000F9
:1057D00080B590F83C20012A4FF0020200F0A7802B
:1057E00080F83D208822D0F800C0CFF6CE72DCF8D9
:1057F00008301A40CCF808200B686F2B0EDDB3F18F
:10580000101F37DAB3F5005F46DA702B00F0928094
:10581000B3F5805F00F08480D6E000BF2F2B33DD2E
:105820004F2B3FDC302B6FD0402B40F0CD80D1F898
:1058300004E0C968DCF82030DCF8202022F0010206
:10584000CCF82020DCF8182022F0F00242EA011106
:1058500023F00A02CCF8181042EA0E01CCF820100E
:105860004FF68872DCF80810CFF6CF72114047313E
:1058700054E000BF2F21C0F210018B423ADCB3F19B
:10588000101F41D020213BE0002B18BF102B3BD034
:10589000202B39D098E000BF60D0B3F5801F33D003
:1058A00092E000BF502B6DD0602B40F08D80D1F87E
:1058B00004E0C968DCF82030DCF8202022F0100277
:1058C000CCF82020DCF8182022F4704242EA0131A2
:1058D00023F0A002CCF8181042EA0E11CCF82010E8
:1058E0004FF68872DCF80810CFF6CF72114067319E
:1058F00014E000BF3021C0F210018B4204D04021DF
:10590000C0F210018B425FD14FF68872DCF80810AC
:10591000CFF6CF721140194341F00701CCF80810BF
:105920000022012180F83D10002180F83C10104633
:1059300080BD00BFD1E901E3C968DCF8082043EA73
:105940000E0322F47F4243EA01211143CCF80810F0
:10595000DCF8081041F07701E0E700BFD1E901E38E
:10596000C968DCF8082043EA0E0322F47F4243EAC8
:1059700001211143CCF80810DCF8081041F48041F3
:10598000CCE700BFD1F804E0C968DCF82030DCF8CF
:10599000202022F00102CCF82020DCF8182022F090
:1059A000F00242EA011123F00A02CCF8181042EA90
:1059B0000E01CCF820104FF68872DCF80810CFF6F4
:1059C000CF7211405731A9E70122AAE70000000079
:1059D00090F88410012901D1022070472421C0F8D9
:1059E000881002681368116823F0005321F0010148
:1059F00011600021416613602022C0F8882080F8E1
:105A0000841008467047000070B590F88420012A81
:105A100002D1022070BD00BF2422C0F88820026895
:105A2000D0F864E0BEF1000FD2F800C0136823F094
:105A300001031360936823F0606341EA03019160FE
:105A40001AD0916848F6542E9368C0F6000E5B0F8A
:105A500048F65C25C1F34266C0F600051EF8034017
:105A6000E95C2301B3FBF1F11EF80630AE5D1B01CA
:105A7000B3FBF6F302E000BF01210123A0F86A1096
:105A80002021A0F86830C2F800C0C0F888100021BA
:105A900080F88410084670BD70B590F88420012A03
:105AA00002D1022070BD00BF2422C0F88820026805
:105AB000D0F864E0BEF1000FD2F800C0136823F004
:105AC00001031360936823F0604341EA030191608E
:105AD0001AD0916848F6542E9368C0F6000E5B0FFA
:105AE00048F65C25C1F34266C0F600051EF8034087
:105AF000E95C2301B3FBF1F11EF80630AE5D1B013A
:105B0000B3FBF6F302E000BF01210123A0F86A1005
:105B10002021A0F86830C2F800C0C0F88810002129
:105B200080F88410084670BD10B5E0B10446D0F886
:105B3000880028B9002084F88400204600F028F866
:105B40002420C4F888002068A16A0268002922F095
:105B50000101016002D0204600F02AFD204600F03D
:105B600053FE012802D1012010BD00BF206841680A
:105B700021F490414160816821F02A01816001682F
:105B800041F0010101602046BDE8104000F080BDF9
:105B900010B5B6B06946044601F10800B821FAF71D
:105BA000CFFB41F200012068C4F20101884201D01C
:105BB00036B010BD01200090684600240194FEF725
:105BC0003FFA08B1FBF754FA44F2E040C5F6020090
:105BD000016941F010010161016901F01001319189
:105BE0003199016841F001010160006831A900F0BC
:105BF0000100319031984FF4C06031900220CDE91E
:105C000032040720359000203494C5F60200FDF7D9
:105C1000C7FB36B010BD00002DE9F0410446D0F8B6
:105C20008800202842D10F4600294FF0010000F0E3
:105C30008F801646002A08BFBDE8F0811D464FF050
:105C40000008C4F890802120C4F88800FDF7A4FC67
:105C5000A4F85460A4F856600646A168B1F5805FC8
:105C600005D12069002814BF3846B8460746B4F865
:105C70005600F8B1681C1FD0002D6BD121680AE0D6
:105C800017F8010B8862B4F856000138A4F85600E2
:105C9000B4F8560098B3C869000653D5002FEFD169
:105CA00038F8020B00276FF35F20EBE70220BDE816
:105CB000F08100BF216822E0216802E0C869000687
:105CC00009D4C869000606D4C86900065CBFC86963
:105CD0005FEA0060F2D51FB117F8010B05E000BFC5
:105CE00038F8020B00276FF35F208862B4F8560083
:105CF0000138A4F85600B4F856000028E1D1C8696C
:105D000040061DD4F5B1681C10D100BFC86940061B
:105D100016D4C869400613D4C869400610D4C869AF
:105D200040064FF00000F1D50FE000BFFDF734FC56
:105D3000801BA84208D820680168C0694006F5D5D4
:105D4000002002E0FDF728FC03202021C4F8881081
:105D5000BDE8F081216800BFC869000608D4FDF7DE
:105D60001BFC801BA842EFD821680868F4E700BF3D
:105D700017B117F8010B04E038F8020B00276FF396
:105D80005F208862B4F856000138A4F85600B4F8D1
:105D900056000028E0D1B2E7FEE700000000000056
:105DA00010B58AB043F6300042F20001C2F2004062
:105DB0000024CDE90844CDE90644CDE90444CDE909
:105DC0000244CDE90044C4F2020101604FF4002115
:105DD000416008218482C0E902140421016101218B
:105DE000816104774FF4906141624FF48061816278
:105DF0000321C1624FF48051C0E90C1480F838408F
:105E0000FBF70EFC08B1FBF733F943F6300007A9A6
:105E1000C2F200400794FBF79FF908B1FBF728F99D
:105E200001200090062001900720029040F2FF70B0
:105E3000039004200490002005908DF8190043F68B
:105E40003000C2F200406946FBF7E2F908B1FBF707
:105E50000FF90AB010BD000080B582B044F2D840FE
:105E60000022C5F60200016841F0010101600068EE
:105E7000002100F00100019001980B20FDF770FC5B
:105E80000B2002B0BDE88040FDF75ABC00000000C6
:105E900082B044F2E040C5F60200016841F0010121
:105EA0000160016801F0010101910199016841F06F
:105EB00080010160006800F080000090009802B04E
:105EC000704700000000000080B588B043F60C1059
:105ED00040F20042C2F2004000210791C4F20002E9
:105EE000CDE90511029102605F22C0E9012140F273
:105EF000F312C0E9032180218161FFF7C5FB08B1DE
:105F0000FBF7B6F84FF48050049043F60C1004A948
:105F1000C2F20040FFF75CFC08B1FBF7A9F82020B3
:105F200001900020039043F60C1001A9C2F200403A
:105F3000FFF742FB08B1FBF79BF808B080BD0000FB
:105F400080B543F6581041F20001C2F20040C4F29D
:105F500001010C2201604FF4E13141600021C0E9F0
:105F600002110161C0E90521C0E90711C0E9091169
:105F7000FFF7DAFD08B1FBF77BF843F65810002174
:105F8000C2F20040FFF788FD08B1FBF771F843F655
:105F900058100021C2F20040FFF736FD08B1FBF7B0
:105FA00067F843F65810C2F20040FFF711FD0028D1
:105FB00008BF80BDBDE88040FBF75AB80000000074
:105FC000FEE7000000000000FEE700000000000007
:105FD0007047000000000000F0B581B044F22C478B
:105FE000C5F6020757F8042C02F00302032A03D176
:105FF000012001B0F0BD00BF054657F82C0C0C463F
:1060000020F0806047F82C0CFDF7C6FA064600BF6A
:1060100057F82C0C000105D5FDF7BEFA801B0228AD
:10602000F6D964E057F8040CEE6895E80E0020F409
:106030007C30012C40EA0130A2F101016FF35F21B5
:106040004FF47E4202EB432247F8040C92B24FF029
:10605000FE4302EB01004FF4FE012A6901EB064109
:1060600001F4FE0103EB0262084402F0FE41084421
:10607000F8603868696920F0C00040EA01003860C3
:106080003868A96920F0200040EA010038603868CB
:106090004FF6F87120F0100038603869EA6920EA9C
:1060A00001004FF4001140EAC2003861386808BFAF
:1060B0004FF4801140F01000002C386008BF4FF4FE
:1060C000002138680843386057F82C0C40F0806095
:1060D00047F82C0CFDF760FA044600BF57F82C0C6B
:1060E000000107D4FDF758FA001B0328F6D303205C
:1060F00001B0F0BD002001B0F0BD000000000000C4
:10610000F0B581B044F22C47C5F6020757F8042CCD
:1061100002F00302032A03D1012001B0F0BD00BF49
:10612000054657F82C0C0C4620F0805047F82C0CF4
:10613000FDF732FA064600BF57F82C0C800005D553
:10614000FDF72AFA801B0228F6D964E057F8040C00
:10615000EE6895E80E0020F07C70012C40EA0150BA
:10616000A2F101016FF35F214FF47E4202EB432263
:1061700047F8040C92B24FF0FE4302EB01004FF4DB
:10618000FE012A6901EB064101F4FE0103EB026204
:10619000084402F0FE41084478613868696920F4D7
:1061A000406040EA010038603868A96920F4007056
:1061B00040EA0100386038684FF6F87120F48070CA
:1061C0003860B869EA6920EA01004FF0807140EA5E
:1061D000C200B861386808BF4FF4000140F4807015
:1061E000002C386008BF4FF48001386808433860DD
:1061F00057F82C0C40F0805047F82C0CFDF7CCF9E8
:10620000044600BF57F82C0C800007D4FDF7C4F9F2
:10621000001B0328F6D3032001B0F0BD002001B01D
:10622000F0BD00000000000070470000000000000A
:10623000FDF7BAB90000000070B59CB044F6180430
:1062400040F22C4509A84C21C5F60204C5F600050C
:10625000FAF776F802200026CDE90766CDE9056653
:10626000CDE90366CDE90166FDF7BAFA0096286824
:1062700020F001002860286800F0010000902068EC
:1062800040F440402060206800F4404000900098B6
:106290002068800409D4206880045CBF20685FEA1D
:1062A000804002D420688004F2D54FF6DC40CFF65F
:1062B000FF70215841F002012150205800F00200E7
:1062C0000090009800200090206840F4404020603A
:1062D000206800F440400090286840F001002860E9
:1062E000286800F00100009000982068800409D41C
:1062F000206880045CBF20685FEA804002D4206888
:106300008004F2D5012009904FF480300A900220D9
:106310000521CDE912001491C021CDE91510CDE978
:10632000170009A8082419940025CDE91A55FEF78D
:106330006FFE28B1EFF3108072B600BFFEE700BF1A
:106340003F20019003204FF48061CDE902054020F9
:106350000494CDE90500CDE9071001A80421FEF75A
:106360000FFC28B1EFF3108072B600BFFEE700BF4C
:106370001CB070BD000000004EF6885042F2000CC8
:10638000CEF20000C5F2002C016841F470010160FA
:10639000DCF8000000F00F00062806D8DCF800004A
:1063A000072161F30300CCF8000044F200404EF6F0
:1063B0007F52C5F60200CEF6F622016841F00101D7
:1063C00001600021016103681A400260DCF80020CE
:1063D000120706D5DCF80020072363F30302CCF88C
:1063E000002040F200228161C161C0F202220162FC
:1063F00082620022C0F2FF12C26240F28022C0F22A
:106400000112026341638263C163026441640268F2
:1064100022F480220260016641F20000C5F60040CD
:106420000068B1EB507F05D148F208100121C5F298
:106430000010016044F2000043F2D201C5F20020D6
:10644000016070470000000010B540F6FF32C4F252
:106450000002904202680FDCB0F1804F1DD040F284
:106460000043C4F20003984217D040F60003C4F280
:106470000003984211D014E040F60043C4F2000338
:1064800098420AD040F20043C4F20103984204D07B
:106490000023C4F20103984203D122F070024B683A
:1064A0001A434FF6FF7343F6FF7CC4F20003C4F2B5
:1064B000010C984214DD604522DD44F20003C4F271
:1064C0000103984234D044F60003C4F20103984219
:1064D0002ED044F20043C4F20103984228D02BE0AE
:1064E00040F2FF73C4F20003984215DCB0F1804F14
:1064F0001ED040F20043C4F20003984218D01BE0C3
:106500000023C4F20103984212D040F20043C4F2C7
:10651000010398420CD00FE040F60003C4F20003E0
:10652000984205D040F60043C4F20003984203D1DC
:1065300022F44072CB681A4322F080024C69604515
:10654000D1F800E08B6842EA04020260C362C0F83E
:1065500028E013DD44F20002C4F20102904218D098
:1065600044F60002C4F20102904212D044F200420A
:10657000C4F2010290420CD00DE000BF0022C4F230
:106580000102904205D040F20042C4F20102904262
:1065900001D109690163012141610169C90708BF8E
:1065A00010BD016921F00101016110BD0000000072
:1065B000816A0A070CD4CA0715D18A071ED44A0774
:1065C00027D4CA0630D48A0639D44A0655D541E0C4
:1065D0000268D0F838C0536823F4004343EA0C0340
:1065E0005360CA07E9D00268D0F82CC0536823F47E
:1065F000003343EA0C0353608A07E0D50268D0F801
:1066000030C0536823F4803343EA0C0353604A07D5
:10661000D7D50268D0F834C0536823F4802343EA06
:106620000C035360CA06CED50268D0F83CC093680C
:1066300023F4805343EA0C0393608A06C5D50268AD
:10664000D0F840C0936823F4005343EA0C039360EE
:106650004A0612D50268D0F844C0BCF5801F5368C2
:1066600023F4801343EA0C03536006D1536823F4E8
:10667000C00C836C43EA0C035360090658BF704793
:106680000168C06C4A6822F40022104348607047D9
:10669000B0B582B004460020C4F89000FCF77CFF3F
:1066A000216805460A68120737D54FF40011002209
:1066B0006FF07E40009020462B4600F001FB58B35F
:1066C000206850E8000F216820F0800041E80002B7
:1066D000F2B1206850E8000F216820F0800041E806
:1066E0000002002A1FBF206850E8000F216820F038
:1066F00080001CBF41E80002002A09D0206850E851
:10670000000F216820F0800041E80002002AD7D164
:106710002020C4F8880062E021680868400765D539
:106720004FF4800100226FF07E40009020462B46FF
:1067300000F0C6FA002859D0206850E8000F216800
:1067400020F4907041E80002F2B1206850E8000F98
:10675000216820F4907041E80002002A1FBF2068E1
:1067600050E8000F216820F490701CBF41E800023F
:10677000002A09D0206850E8000F216820F49070AA
:1067800041E80002002AD7D1206850E8020F2168B2
:1067900020F0010041E80202F2B1206850E8020F47
:1067A000216820F0010041E80202002A1FBF206892
:1067B00050E8020F216820F001001CBF41E80202EE
:1067C000002A09D0206850E8020F216820F001005B
:1067D00041E80202002AD7D12020C4F88C0003200F
:1067E000002184F8841002B0B0BD00BF2020C4F89E
:1067F0008800C4F88C000020E0662067002184F83F
:10680000841002B0B0BD000070B584B004460068CA
:1068100004F1080340F6004EE669C5F6000E0ECB03
:10682000194363690B4346F6F3110568CCF6FF7113
:10683000334329401943016041684FF2FF4321F47B
:106840004051704541EA02014160A269C1F2FF1363
:106850001CBF216A0A43816844F2544C1940C5F6B2
:10686000020C1143816047F2FF72C16AC4F2000258
:1068700021F00F01656A90424FF0800341EA050163
:10688000C16221DD40F6FF71C4F2010188422FDDB3
:10689000704500F0FB8041F20041C4F201018842E2
:1068A00005D041F20001C4F20101884247D1DCF871
:1068B0000010C1F3C202062A80F0F08048F22021C5
:1068C000C0F6000139E000BF44F6FF31C4F2000118
:1068D00088421BDC44F20041C4F20001884221D00E
:1068E00044F60001C4F2000188421BD027E000BF3B
:1068F00047F60001C4F20001884213D047F6004178
:10690000C4F2000188420DD019E000BF44F60041F6
:10691000C4F20001884205D045F20001C4F2000132
:1069200088420CD1DCF8001001F00702062A80F042
:10693000B58048F22621C0F600018B181B787045FF
:1069400040F60010C0F23D0000F0B080B6F5004FF8
:1069500040F04E80402B4FF0010100F2A281DFE8B1
:1069600013F041001D01A001A0012301A001A0011D
:10697000A0012B01A001A001A001A001A001A00184
:10698000A0013301A001A001A001A001A001A0016C
:10699000A001A001A001A001A001A001A001A001EF
:1069A000A0014301A001A001A001A001A001A0013C
:1069B000A001A001A001A001A001A001A001A001CF
:1069C000A001A001A001A001A001A001A001A001BF
:1069D000A001A001A001A001A001A001A001A001AF
:1069E000A0014101FEF728FA002840F0DA80E9E032
:1069F000402B4FF0010100F25481DFE813F0410019
:106A00001301520152011901520152015201210197
:106A10005201520152015201520152015201290107
:106A200052015201520152015201520152015201CE
:106A300052015201520152015201520152013901D7
:106A400052015201520152015201520152015201AE
:106A5000520152015201520152015201520152019E
:106A6000520152015201520152015201520152018E
:106A70005201520152015201520152015201370199
:106A8000FEF7DAF9002840F0D080DFE0DCF80410EF
:106A900001F00702062A01D286A14EE78023704545
:106AA00040F60010C0F23D007FF450AF9A1E012165
:106AB0001E2A27D8DFE812F02000F5002C00F50090
:106AC000F500F5003400F500F500F500F500F500DF
:106AD000F500F5003C00F500F500F500F500F500C7
:106AE000F500F500F500F500F500F500F500F500FE
:106AF000F500F500490000BFFCF79AFEB0B1656AE9
:106B000023E000BF402B40F0CC804FF400401CE05D
:106B100001A8FCF739FF02980028F0D106E000BF79
:106B200001A8FCF7C9FF02980028E8D10021B8E0CD
:106B30005CF8540C800649F20000C0F2D03004D555
:106B40005CF8541CC1F3C101C84048F23C216268A2
:106B5000C0F6000131F81510B0FBF1F002EB420174
:106B600088424FF00101C0F09C801303984200F26C
:106B70009880010E0023000210EB520041F1000149
:106B8000F9F7A6FB4FF60052A0F54071C0F20F02D4
:106B90009142C0F08080012183E000BFFEF77CF9C4
:106BA00080B1656A20E000BF01A8FCF7EDFE029805
:106BB0000028F6D106E000BF01A8FCF77DFF02988F
:106BC0000028EED100216CE05CF8540C800649F2FC
:106BD0000000C0F2D03007D55CF8541CC1F3C101ED
:106BE000C84001E04FF4004048F23C21C0F60001EB
:106BF00031F81510B0FBF1F061684A0802EB400073
:106C00004FF6EF72B0FBF1F0A0F11001914207D8FE
:106C10004FF6F0710140C0F3420008443BE000BF72
:106C200001213EE0FEF738F980B1656A20E000BF3F
:106C300001A8FCF7A9FE02980028F6D106E000BFE3
:106C400001A8FCF739FF02980028EED1002128E0C6
:106C50005CF8540C800649F20000C0F2D03007D531
:106C60005CF8541CC1F3C101C84001E04FF400407E
:106C700048F23C216268C0F6000131F81510B0FB03
:106C8000F1F000EB5200B0FBF2F0A0F110014FF672
:106C9000EF72914204D82168C860002101E000BF72
:106CA00001214FF00110A0660020C4E91D00084634
:106CB00004B070BD02040810204000000000000075
:106CC0002DE9F041804600680D46C7693940491BEF
:106CD000B1FA81F14909914225D1069C34B3164697
:106CE000611C29D1C1692940491BB1FA81F14909C7
:106CF000B14218D1C1692940491BB1FA81F1490952
:106D0000B14201BFC1692940491BB1FA81F104BFF9
:106D10004909B14207D1C1692940491BB1FA81F142
:106D20004909B142DED00020BDE8F081FCF734FC17
:106D30000320BDE8F08100BF1F4607E0C06928407E
:106D4000401BB0FA80F04009B042ECD1FCF724FCC3
:106D5000C01BA04212D8D8F8000001684907EDD541
:106D6000402D18BF802DE9D0C16909070AD4C16937
:106D70000905E3D54FF400610162ADE00320BDE8F1
:106D8000F08100BF0821016202E000BFD8F80000D6
:106D900050E8000FD8F8001020F4907041E800028D
:106DA0001AB3D8F8000050E8000FD8F8001020F40B
:106DB000907041E80002C2B1D8F8000050E8000F1E
:106DC000D8F8001020F4907041E80002002A1FBF9C
:106DD000D8F8000050E8000FD8F8001020F49070A8
:106DE0001CBF41E80002002AD0D14FF6FE70CEF65B
:106DF000FF70D8F8001051E8021FD8F800200140B9
:106E000042E802130BB3D8F8001051E8021FD8F87B
:106E10000020014042E80213002B1FBFD8F80010E9
:106E200051E8021FD8F8002001401CBF42E80213BD
:106E3000002B0AD0D8F8001051E8021FD8F8002023
:106E4000014042E80213002BD3D1D8F86C0001288E
:106E50002FD1D8F8000050E8000FD8F8001020F02B
:106E6000100041E8000222B3D8F8000050E8000FFB
:106E7000D8F8001020F0100041E80002002A1FBFDF
:106E8000D8F8000050E8000FD8F8001020F01000EB
:106E90001CBF41E80002002A0BD0D8F8000050E8DF
:106EA000000FD8F8001020F0100041E80002002A7E
:106EB000CFD12020C8F88C000020C8F86C00C8F89A
:106EC00074000821C8F8901088F884000120BDE8FB
:106ED000F08100BFD8F8000050E8000FD8F800108B
:106EE00020F4907041E800021AB3D8F8000050E88E
:106EF000000FD8F8001020F4907041E80002C2B1F1
:106F0000D8F8000050E8000FD8F8001020F4907076
:106F100041E80002002A1FBFD8F8000050E8000F27
:106F2000D8F8001020F490701CBF41E80002002A3D
:106F3000D0D14FF6FE70CEF6FF70D8F8001051E8B1
:106F4000021FD8F80020014042E802130BB3D8F822
:106F5000001051E8021FD8F80020014042E8021357
:106F6000002B1FBFD8F8001051E8021FD8F80020EE
:106F700001401CBF42E80213002B0AD0D8F80010D1
:106F800051E8021FD8F80020014042E80213002B0C
:106F9000D3D1D8F86C0001282FD1D8F8000050E8E0
:106FA000000FD8F8001020F0100041E8000222B3D2
:106FB000D8F8000050E8000FD8F8001020F01000BA
:106FC00041E80002002A1FBFD8F8000050E8000F77
:106FD000D8F8001020F010001CBF41E80002002A81
:106FE0000BD0D8F8000050E8000FD8F8001020F0BF
:106FF000100041E80002002ACFD12020C8F88C0000
:107000000021C8F86C10C8F87410C8F8900003206C
:1070100088F88410BDE8F081FEE700000000000061
:107020002DE9F04F81B06FF001044FEA510C0126B9
:1070300004EB51084FEA42090024002506EB5107F2
:10704000009715E006EB0C0100EB850200EBC10791
:1070500050F8316095689660D66840F8315079688C
:10706000D1607E60A11C8CB21D8844454B442FD852
:10707000AEB26500B442E5D200EBC60E45F00102A7
:10708000009950F825A050F8367040F8257040F867
:1070900036A050F822A0DEF804B0671840F822B0FD
:1070A0007218CEF804A000EBC70100EBC20BE64655
:1070B00050F837A050F832C040F837C0F44640F8D6
:1070C00032A04A68DBF804704F60CBF80420B9E7BF
:1070D00001B0BDE8F08F000070B5044680780E4620
:1070E0002588A3890128626806D194ED040A3046F8
:1070F000294600F031F903E03046294600F070F8E7
:10710000E078012818BF70BD2188E289A368304665
:10711000BDE87040FFF784BF827048F2542248F601
:107120006C2CC370FF29C0F600024FF0FF030180F2
:10713000C0F6000CC0F804C00EDDB1F5807F15D09C
:10714000B1F5805F18D0B1F5806F25D106329FED83
:10715000170A04211AE000BF102911D040291BD1C1
:107160007E329FED100A402110E000BF1E329FEDDD
:107170000E0A10210AE000BF9FED080A012105E078
:1071800002F5FF729FED060A4FF4807100238181A2
:10719000C181826080ED040A58B2704700008039D6
:1071A0000000803D0000803C0000803B0000803AF1
:1071B000002A08BF7047A0F10803081F93ED030AD7
:1071C00093ED021A20EE000A011D0833013AA1EEE8
:1071D000010AB1EEC00A80ED010A0846EED17047FF
:1071E0002DE9F04F88B002290492C0F0B28004303B
:1071F00000900C46084600BFA20802904FF0FF30F6
:10720000E70000EB9400069002EB42000192C00000
:107210004FF0000A15014FF00008D600009A0393C2
:107220009BB20593049B08EB480C079203EBC80E36
:1072300003EB081903EBCC039EED000A9EED011A47
:1072400099ED002A99ED013A93ED004A93ED015A28
:107250009646D4460EEB05031EED016A0EEB0609B9
:107260000EEB000B13ED017AD3ED001A76EE070A50
:107270005BED013A36EE476A9EED007A77EE212A01
:10728000DBED004A37EE617A59ED011A71EEA31A6F
:10729000D9ED003A73EEA43AA4448C4570EEA14AAD
:1072A00070EEE10A4EED014A72EEA31A5BED014A5F
:1072B000CEED001A72EEE31AD9ED002ADBED003AAA
:1072C00072EEE32A59ED013A63EE215ABE4473EEA1
:1072D000E43A60EEC34AE0EE825A77EE630AE1EEEA
:1072E000824A76EE221A49ED015A61EE206A36EEA4
:1072F000626AC9ED004A37EE237AE1EE806A61EEF8
:10730000C11A65EE072A66EE453A43ED016AE0EEE2
:10731000801AE6EE042AE7EE043AC3ED001A4BEDBC
:10732000012ACBED003A95D30AF1010A069A92455B
:10733000059A9044079A02F108027FF673AF02980B
:10734000039B07284FEA90004FEA8303019C3FF616
:1073500053AF08B0BDE8F08F2DE9F04F88B0052994
:1073600005920090C0F0B6800430019008460E46A9
:10737000B20802904FF0FF30F40000EB9600079047
:1073800002EB42000393C5004FF0000A98B21701C8
:107390004FEAC208DDF804E000230690049200BF23
:1073A000059A0AEB4A0C02EBCA0902EB0A1002EB3F
:1073B000CC0299ED001A99ED012A90ED003A90ED7A
:1073C000014A92ED005A92ED016A724618469C46B7
:1073D0000EEB07031EED017A0EEB08090EEB050B11
:1073E00053ED010AD3ED002A77EE201A5BED014A36
:1073F00037EE607ADEED000A70EEA23ADBED005A5D
:1074000070EEE20A59ED012A72EEA42AD9ED004A83
:1074100074EEA54AB4448C4571EEA25A71EEE21A9C
:107420004EED015A73EEA42A5BED015ACEED002A0F
:1074300073EEE42AD9ED003ADBED004A73EEE43A4C
:1074400059ED014A62EEC46AA64474EEE54A64EE60
:10745000215AE1EE836A70EEA41AE2EE835A77EEC7
:10746000632A49ED016A61EEC27A37EE237AC9EDEB
:10747000005A70EEE40AE2EE817A62EE222A60EEB1
:10748000C63A66EE074A43ED017AE1EE812AE7EE5D
:10749000053AE0EE854AC3ED002A4BED013ACBED0B
:1074A000004A95D30346431C0798964683420698A4
:1074B000824402F1080E7FF673AF0298039BDDF859
:1074C000109013284FEA90004E464FEA83033FF690
:1074D0004FAF00E089464FEA9900A1EB09084FEA57
:1074E000C00C009A0101171D00EB400000254FEA77
:1074F000C90EC60007EB0C02B8197C1817ED011A6B
:1075000012ED017A50ED011A97ED002A14ED013ABF
:1075100094ED004AD2ED000A37EE217AD0ED001A40
:1075200031EE035A4D4432EE046A454570EEA10A2D
:1075300031EE431A35EE073A76EE201A32EE442A3F
:1075400023EE003A21EE804A07ED013A87ED004A2A
:1075500035EE473A36EE604A12ED015A92ED006A76
:1075600090ED007A50ED010A36EE476A35EE605A2A
:10757000774423EE003A31EE467A02ED013A31EEDD
:10758000061A32EE056A32EE452A24EE004A82EDF2
:10759000004A27EE003A26EE004A04ED013A21EEB9
:1075A000001A84ED004A22EE002A00ED011A80ED57
:1075B000002A9FD908B0BDE8F08F0000000000004D
:1075C00080B582B0019043F65810C2F2004001A984
:1075D00001220A23FEF720FB019802B080BD0000C3
:1075E00086B001200290FCF77BF848F21F700490EF
:1075F00040F20110059002A84FF0000ACDF80CA04F
:10760000FCF73EF80420FCF77BF8FBF7DDFFFEF704
:1076100013FEFEF73DFCFEF71FFCFEF7C1FBFEF775
:107620008FFCFEF751FC40F218044FF48061C2F267
:1076300000440022201D01230190FFF76DFD43F659
:1076400030084FF00111C2F2004840F2FF7240468C
:10765000F9F716FD40F230064FF48062C2F20046A0
:1076600040463146FAF784F943F60C10C2F2004066
:10767000FEF756F840F6300748F6642B9FED9C8ADB
:10768000C2F200479FED9B9AC0F6000B06F10E0078
:10769000009012E098A000F0B1FD40F20000C2F2AC
:1076A0000040002000BF4FF4806240463146FAF7A8
:1076B0005FF94C460120FBF75FFE20780028F9D0E7
:1076C00040464FF0000984F80090FAF7E1F9B0EE77
:1076D000480A00BF36F8091006EB090009F1200935
:1076E00001EE101A4188B9F5006FB8EE411A30EE7C
:1076F000010A01EE101A8188B8EE411A30EE010A33
:1077000001EE101AC188B8EE411A30EE010A01EEFE
:10771000101A0189B8EE411A30EE010A01EE101A72
:107720004189B8EE411A30EE010A01EE101A818942
:10773000B8EE411A30EE010A01EE101AC189B8EE16
:10774000411A30EE010A01EE101A018AB8EE411A10
:1077500030EE010A01EE101A418AB8EE411A30EEFD
:10776000010A01EE101A818AB8EE411A30EE010AC0
:1077700001EE101AC18AB8EE411A30EE010A01EE8C
:10778000101A018BB8EE411A30EE010A01EE101A00
:10779000418BB8EE411A30EE010A01EE101A818BCE
:1077A000C08BB8EE411A30EE010A01EE101AB8EEA5
:1077B000411A30EE010A01EE100AB8EE411A30EE1D
:1077C000010A87D120EE090AA1460020009900BFD6
:1077D00031F80C3C31F80E2C31F8065C02EE103A10
:1077E00031F80A3C01EE102A3A1803EE103A31F84B
:1077F000083CB8EE422A4030B8EE411A04EE103A86
:10780000B8EE433A31F8043C32EE402AB0F5005F5E
:1078100031EE401A82ED022A82ED001A01EE105A72
:1078200033EE402AC2F804A082ED042A02EE103A98
:10783000B8EE411A31F8023CB8EE444AC2F80CA046
:10784000B8EE422AC2F814A031EE401AC2F81CA0C9
:1078500082ED081A34EE403A32EE401A82ED063AD2
:1078600082ED0A1A01EE103A31F8103BC2F824A05A
:10787000C2F82CA0B8EE411AC2F834A0C2F83CA05D
:1078800031EE401A82ED0C1A01EE103AB8EE411AB0
:1078900031EE401A82ED0E1A9AD101983946FFF75F
:1078A0001BFC42F630044FF48062C2F200443846BA
:1078B0002146FFF77DFC94ED000A5846B7EEC00A5A
:1078C00053EC102B00F01AF8043C7F252C2000F01C
:1078D0008FFC94ED020A5846B7EEC00A53EC102B09
:1078E00000F00CF8013D04F10404EFD1D2E600BF32
:1078F000000000000000803A0D0000000FB4054BAE
:1079000010B503A9044A029800F0DAF810BC5DF83B
:1079100014FB0000C17500080000002402E008C844
:10792000121F08C1002AFAD170477047002001E0F9
:1079300001C1121F002AFBD1704700002DE9FF5F33
:1079400082B00021DDE90430020DDDF840B00343D0
:1079500018D044F61050A2F2FF3242431514119889
:1079600001281FD0A5EB0B00401C5FEA000A4FF076
:1079700000064E4FDFF83891B046504615D5CAF193
:10798000000413E0119801244AA3012801D16FEAF1
:107990000B010298119AC0E90031C0E9024206B019
:1079A000BDE8F09FCBF10000DFE704460021404A2C
:1079B000491842EB0450CDE9001012E0E00707D06F
:1079C00032463B4640464946F8F7A1FD8046894687
:1079D00032463B4610461946F8F799FD06460F46D3
:1079E0006410002CEAD1DDE90401DDE90023BAF1DD
:1079F000000F06DAF8F78BFD42464B46F8F787FD95
:107A000005E0F8F7F6FD42464B46F8F7F2FD04466E
:107A10000E460022284BF8F773FE03D84FF0FF30D4
:107A2000014607E00022254B20463146F8F7C8FC06
:107A3000F8F74EFE102409E0002C0ADB0A2200238E
:107A4000F8F746FC039B30321A55641E50EA0102D7
:107A5000F2D1641C039AC4F111031444119A012A4F
:107A600003D0012208430DD10AE0084304D00020CE
:107A70004FF0110B119072E7A3EB0B056D1E0DE09B
:107A80005B4504DD4FF0000205F1010504E003DA77
:107A90004FF00002A5F10105002AECD002981199DF
:107AA000C0E90231C0E9004579E700000000144058
:107AB0000000F03F300000000000F0430000E03F15
:107AC0002DE9FF4F95B09B468946064600250FE2FB
:107AD000252877D100242746F84A0121059400E0A3
:107AE000044316F8013F203B01FA03F01042F7D19E
:107AF00030782A2811D06FF02F033078A0F13002AF
:107B0000092A16D8059A44F0020402EB820203EB1C
:107B100042021044761C0590EFE759F8042B0592B9
:107B2000002A03DA504244F40054059044F0020461
:107B3000761C30782E2816D116F8010F44F0040474
:107B40002A280DD06FF02F023078A0F13003092BD6
:107B500009D807EB870302EB4303C718761CF3E74A
:107B600059F8047B761C30786C280FD006DC4C2842
:107B700017D068280DD06A2814D104E0742810D0DA
:107B80007A280FD10DE044F400140AE044F4801484
:107B900001E044F440147278824202D104F580146A
:107BA000761C761C307866280BD013DC582877D0EA
:107BB00009DC002875D04528F6D04628F4D047289F
:107BC0001AD19DE118E0632835D0642879D0652862
:107BD00012D195E1702873D008DC6728F1D06928AC
:107BE0006FD06E280DD06F2806D1B5E073282CD049
:107BF000752875D0782874D05A46179990476D1C0F
:107C000075E1C4F30250022809D003280DD0D9F839
:107C1000001004280DD00D6009F1040967E1D9F8BE
:107C20000010EA17C1E90052F6E7D9F800100D80FC
:107C3000F2E70D70F0E719F8041B8DF80010002032
:107C40008DF80100EA46012003E059F804AB4FF03B
:107C5000FF3061074FF0000102D40DE008F101018F
:107C60008846B9420FDA8045F8DB1AF80810002977
:107C7000F4D108E008F1010188468142FADB1AF8E4
:107C800008100029F6D105985B46A0EB08072146AD
:107C90003846179A00F094FA284400EB080507E0EC
:107CA0004DE029E10DE01AF8010B5A46179990476B
:107CB000B8F10108F7D25B4621463846179A13E11E
:107CC00042E00A220092C4F302524FF0000A022A54
:107CD00008D059F804CB032A4FEAEC710AD00DE022
:107CE00029E02AE009F1070121F00702F2E802C1C8
:107CF000914609E00FFA8CFC4FEAEC71042A03D19B
:107D00004FFA8CFC4FEAEC71002907DA0A46002191
:107D1000DCF1000C61EB02012D2202E0220504D50A
:107D20002B228DF80420012203E0E20701D020225B
:107D3000F7E7904659E00A2102E010220DE01021F9
:107D40004FF0000A00910BE010224FF0000A44F0BF
:107D500004040827009203E008224FF0000A009272
:107D6000C4F30252022A05D059F804CB0021032A99
:107D700008D009E009F1070121F00702F2E802C189
:107D8000914605E01FFA8CFC042A01D10CF0FF0C8F
:107D90004FF00008220728D5702806D0009B83F0FA
:107DA000100353EA0A0305D00EE040228DF80420A8
:107DB000012208E05CEA010206D030228DF804209E
:107DC0008DF8050002229046009B83F0080353EAD9
:107DD0000A030AD15CEA010201D1620705D530220B
:107DE0008DF804204FF001087F1E582804D034A0DD
:107DF00003900EA802900DE036A0F9E753466046C6
:107E0000009AF8F765FA84460398825C0298401E4F
:107E1000029002705CEA0100F0D1029806A9081AEB
:107E200000F1200A600702D524F4803400E0012725
:107E3000574502DDA7EB0A0000E0002000EB0A0135
:107E4000009005984144401A0590E00306D45B4633
:107E50002146179A059800F0B3F90544002706E07B
:107E600001A85A46C05D179990476D1C7F1C474575
:107E7000F6DBE0030CD55B462146179A059800F027
:107E80009FF9054404E030205A46179990476D1C2D
:107E90000099481E00900029F5DC08E0029802993C
:107EA0005A460078491C0291179990476D1CBAF107
:107EB0000001AAF1010AF1DC65E1000009280100D6
:107EC0003031323334353637383961626364656650
:107ED0000000000030313233343536373839414212
:107EE000434445460000000000F058F90544761C64
:107EF000307800287FF4ECAD19B02846BDE8F08F4B
:107F0000620700D4062709F1070222F0070CFCE8FB
:107F10000223E14603F000485FEA080C02D00FF2AA
:107F2000702C0DE05FEA045C02D50FF2682C07E0CC
:107F30005FEAC47C02D00FF2602C01E0AFF2700C5B
:107F40004FF0FF3823F00043CDF850C065280CD027
:107F500006DC452809D046281DD047283DD13DE004
:107F6000662818D067287ED138E00021112F01DB68
:107F7000112000E0781CCDE9000106A90EA8FFF74A
:107F8000DDFCDDE90F010E9A03910021009207F15B
:107F9000010A04914DE04FF000400097CDE9011037
:107FA00006A90EA8FFF7CAFCDDE90F0203920E9B9B
:107FB00011990022DDF80CA00093049211B9791CEC
:107FC00000EB010AB7EB0A0004D4C0F1FF3007F15F
:107FD000010A0490AAEB0700019044E0012F00DAA7
:107FE00001270021112F01DD112000E03846CDE9E5
:107FF000000106A90EA8FFF7A1FCDDE90F010E9A0A
:108000000391002104910092BA4621070CD40399F0
:10801000514500DA8A46BAF1010F05DD009AAAF14E
:108020000101515C302908D0B84202DA10F1040F86
:1080300006DA0121CDE9011015E0AAF10101E9E715
:10804000002805DC049901440491AAEB000102E038
:10805000411C514500DD8A460499401A401C01909C
:108060004FF000400290200704D40198504501DBF6
:10807000CDF8048000208DF84F0002980DF14F07D5
:10808000B0F1004F25D02B200E9002984FF002083F
:1080900000280CDA404202902D200E9007E00A21C1
:1080A0000298F8F758F93031029007F8011DB8F13D
:1080B0000001A8F10108F2DC02980028EFD1791E36
:1080C0000E980870307800F0200040F0450007F866
:1080D000020D12A8C01B00F107081498007800B127
:1080E000012000EB0A01019801EBE0710598414481
:1080F000401A401E0590E00306D45B462146179ABD
:10810000059800F05DF805441498007818B15A46B7
:10811000179990476D1CE00324D55B462146179ABA
:10812000059800F04DF805441CE00498002807DB92
:10813000DDE90301884203DD0098405C179901E006
:10814000179930205A469047049805F10105401CC4
:1081500004900198401E019004D12E205A46179990
:1081600090476D1CBAF10001AAF1010ADDDC05E0BF
:1081700017F8010B5A46179990476D1CB8F100018A
:10818000A8F10108F4DC5B462146179A0598ABE696
:108190002D0000002B000000200000002DE9F04120
:1081A000044600251E461746880404D405E03946D7
:1081B0002020B0476D1C641EF9D52846BDE8F0812B
:1081C0002DE9F041044600251E469046C80301D51E
:1081D000302700E02027880404D505E041463846D2
:1081E000B0476D1C641EF9D52846BDE8F08100003B
:1081F0000149FFF7E5B900000000002410B504466E
:1082000001E0FFF7DDF914F8010B04490028F8D16B
:10821000BDE810400A20FFF7D3B900000000002499
:108220000104081020400004081020400000000055
:108230000102030401020304060708090100020009
:108240000400060008000A000C0010002000400096
:108250008000000100040002000600010005000388
:108260000007800080048002800680018005800372
:1082700080074000400440024006400140054003A2
:108280004007C000C004C002C006C001C005C00352
:10829000C007200020042002200620012005200322
:1082A0002007A000A004A002A006A001A005A00332
:1082B000A007600060046002600660016005600362
:1082C0006007E000E004E002E006E001E005E00312
:1082D000E007100010041002100610011005100332
:1082E0001007900090049002900690019005900372
:1082F00090075000500450025006500150055003A2
:108300005007D000D004D002D006D001D005D00351
:10831000D007300030043002300630013005300321
:108320003007B000B004B002B006B001B005B00331
:10833000B007700070047002700670017005700361
:108340007007F000F004F002F006F001F005F00311
:10835000F0070800080408020806080108050803D9
:108360000807880088048802880688018805880331
:108370008807480048044802480648014805480361
:108380004807C800C804C802C806C801C805C80311
:10839000C8072800280428022806280128052803E1
:1083A0002807A800A804A802A806A801A805A803F1
:1083B000A807680068046802680668016805680321
:1083C0006807E800E804E802E806E801E805E803D1
:1083D000E8071800180418021806180118051803F1
:1083E0001807980098049802980698019805980331
:1083F0009807580058045802580658015805580361
:108400005807D800D804D802D806D801D805D80310
:10841000D8073800380438023806380138053803E0
:108420003807B800B804B802B806B801B805B803F0
:10843000B807780078047802780678017805780320
:108440007807F800F804F802F806F801F805F803D0
:10845000F8070400040404020406040104050403EC
:108460000407840084048402840684018405840350
:108470008407440044044402440644014405440380
:108480004407C400C404C402C406C401C405C40330
:10849000C407240024042402240624012405240300
:1084A0002407A400A404A402A406A401A405A40310
:1084B000A407640064046402640664016405640340
:1084C0006407E400E404E402E406E401E405E403F0
:1084D000E407140014041402140614011405140310
:1084E0001407940094049402940694019405940350
:1084F0009407540054045402540654015405540380
:108500005407D400D404D402D406D401D405D4032F
:10851000D4073400340434023406340134053403FF
:108520003407B400B404B402B406B401B405B4030F
:10853000B40774007404740274067401740574033F
:108540007407F400F404F402F406F401F405F403EF
:10855000F4070C000C040C020C060C010C050C03B7
:108560000C078C008C048C028C068C018C058C030F
:108570008C074C004C044C024C064C014C054C033F
:108580004C07CC00CC04CC02CC06CC01CC05CC03EF
:10859000CC072C002C042C022C062C012C052C03BF
:1085A0002C07AC00AC04AC02AC06AC01AC05AC03CF
:1085B000AC076C006C046C026C066C016C056C03FF
:1085C0006C07EC00EC04EC02EC06EC01EC05EC03AF
:1085D000EC071C001C041C021C061C011C051C03CF
:1085E0001C079C009C049C029C069C019C059C030F
:1085F0009C075C005C045C025C065C015C055C033F
:108600005C07DC00DC04DC02DC06DC01DC05DC03EE
:10861000DC073C003C043C023C063C013C053C03BE
:108620003C07BC00BC04BC02BC06BC01BC05BC03CE
:10863000BC077C007C047C027C067C017C057C03FE
:108640007C07FC00FC04FC02FC06FC01FC05FC03AE
:10865000FC070200020402020206020102050203F4
:10866000020782008204820282068201820582035E
:10867000820742004204420242064201420542038E
:108680004207C200C204C202C206C201C205C2033E
:10869000C20722002204220222062201220522030E
:1086A0002207A200A204A202A206A201A205A2031E
:1086B000A20762006204620262066201620562034E
:1086C0006207E200E204E202E206E201E205E203FE
:1086D000E20712001204120212061201120512031E
:1086E000120792009204920292069201920592035E
:1086F000920752005204520252065201520552038E
:108700005207D200D204D202D206D201D205D2033D
:10871000D20732003204320232063201320532030D
:108720003207B200B204B202B206B201B205B2031D
:10873000B20772007204720272067201720572034D
:108740007207F200F204F202F206F201F205F203FD
:10875000F2070A000A040A020A060A010A050A03C5
:108760000A078A008A048A028A068A018A058A031D
:108770008A074A004A044A024A064A014A054A034D
:108780004A07CA00CA04CA02CA06CA01CA05CA03FD
:10879000CA072A002A042A022A062A012A052A03CD
:1087A0002A07AA00AA04AA02AA06AA01AA05AA03DD
:1087B000AA076A006A046A026A066A016A056A030D
:1087C0006A07EA00EA04EA02EA06EA01EA05EA03BD
:1087D000EA071A001A041A021A061A011A051A03DD
:1087E0001A079A009A049A029A069A019A059A031D
:1087F0009A075A005A045A025A065A015A055A034D
:108800005A07DA00DA04DA02DA06DA01DA05DA03FC
:10881000DA073A003A043A023A063A013A053A03CC
:108820003A07BA00BA04BA02BA06BA01BA05BA03DC
:10883000BA077A007A047A027A067A017A057A030C
:108840007A07FA00FA04FA02FA06FA01FA05FA03BC
:10885000FA070600060406020606060106050603D8
:10886000060786008604860286068601860586033C
:10887000860746004604460246064601460546036C
:108880004607C600C604C602C606C601C605C6031C
:10889000C6072600260426022606260126052603EC
:1088A0002607A600A604A602A606A601A605A603FC
:1088B000A60766006604660266066601660566032C
:1088C0006607E600E604E602E606E601E605E603DC
:1088D000E6071600160416021606160116051603FC
:1088E000160796009604960296069601960596033C
:1088F000960756005604560256065601560556036C
:108900005607D600D604D602D606D601D605D6031B
:10891000D6073600360436023606360136053603EB
:108920003607B600B604B602B606B601B605B603FB
:10893000B60776007604760276067601760576032B
:108940007607F600F604F602F606F601F605F603DB
:10895000F6070E000E040E020E060E010E050E03A3
:108960000E078E008E048E028E068E018E058E03FB
:108970008E074E004E044E024E064E014E054E032B
:108980004E07CE00CE04CE02CE06CE01CE05CE03DB
:10899000CE072E002E042E022E062E012E052E03AB
:1089A0002E07AE00AE04AE02AE06AE01AE05AE03BB
:1089B000AE076E006E046E026E066E016E056E03EB
:1089C0006E07EE00EE04EE02EE06EE01EE05EE039B
:1089D000EE071E001E041E021E061E011E051E03BB
:1089E0001E079E009E049E029E069E019E059E03FB
:1089F0009E075E005E045E025E065E015E055E032B
:108A00005E07DE00DE04DE02DE06DE01DE05DE03DA
:108A1000DE073E003E043E023E063E013E053E03AA
:108A20003E07BE00BE04BE02BE06BE01BE05BE03BA
:108A3000BE077E007E047E027E067E017E057E03EA
:108A40007E07FE00FE04FE02FE06FE01FE05FE039A
:108A5000FE070100010101030701000008040204F0
:108A600008010101252E3266000000000000803F51
:108A700000000000ECFF7F3FD40FC93AB1FF7F3FF9
:108A8000C70F493B4EFF7F3FC1CB963BC4FE7F3FA4
:108A9000890FC93B13FE7F3F3053FB3B39FD7F3FBE
:108AA00059CB163C39FC7F3F02ED2F3C11FB7F3F39
:108AB000900E493CC1F97F3F0030623C4AF87F3F4D
:108AC0004B517B3CACF67F3F38398A3CE6F47F3F24
:108AD000B6C9963CF8F27F3F1C5AA33CE3F07F3FB7
:108AE00069EAAF3CA7EE7F3F9B7ABC3C43EC7F3FFB
:108AF000B00AC93CB8E97F3FA69AD53C05E77F3F5D
:108B00007B2AE23C2BE47F3F2DBAEE3C29E17F3FFC
:108B1000B949FB3C00DE7F3F90EC033DAFDA7F3F7D
:108B20002F340A3D37D77F3FB87B103D98D37F3F26
:108B30002CC3163DD1CF7F3F880A1D3DE2CB7F3F3E
:108B4000CC51233DCCC77F3FF698293D8FC37F3F53
:108B500007E02F3D2ABF7F3FFC26363D9EBA7F3F70
:108B6000D56D3C3DEAB57F3F91B4423D0FB17F3FAB
:108B70002FFB483D0DAC7F3FAF414F3DE3A67F3F0C
:108B80000E88553D91A17F3F4CCE5B3D189C7F3FA9
:108B90006814623D78967F3F625A683DB1907F3F8E
:108BA00038A06E3DC28A7F3FE9E5743DAB847F3FCC
:108BB000742B7B3D6D7E7F3F6CB8803D08787F3F96
:108BC0000ADB833D7B717F3F94FD863DC76A7F3F13
:108BD0000A208A3DEC637F3F6A428D3DE95C7F3F1E
:108BE000B464903DBF557F3FE786933D6D4E7F3F18
:108BF00005A9963DF4467F3F0ACB993D543F7F3F00
:108C0000F9EC9C3D8D377F3FCF0EA03D9D2F7F3FE0
:108C10008C30A33D87277F3F3052A63D491F7F3FC1
:108C2000BA73A93DE4167F3F2B95AC3D580E7F3FAC
:108C300080B6AF3DA4057F3FBBD7B23DC9FC7E3FA8
:108C4000DAF8B53DC7F37E3FDD19B93D9DEA7E3FB9
:108C5000C33ABC3D4CE17E3F8D5BBF3DD4D77E3FE8
:108C6000397CC23D34CE7E3FC69CC53D6DC47E3F3F
:108C700036BDC83D7FBA7E3F86DDCB3D69B07E3FC5
:108C8000B7FDCE3D2DA67E3FC81DD23DC99B7E3F80
:108C9000B93DD53D3D917E3F895DD83D8B867E3F78
:108CA000377DDB3DB17B7E3FC49CDE3DB0707E3FB7
:108CB0002EBCE13D88657E3F76DBE43D385A7E3F41
:108CC0009AFAE73DC14E7E3F9A19EB3D23437E3F22
:108CD0007638EE3D5E377E3F2E57F13D722B7E3F5C
:108CE000C075F43D5E1F7E3F2C94F73D24137E3FFC
:108CF00073B2FA3DC2067E3F92D0FD3D38FA7D3F09
:108D00004577003E88ED7D3F2E06023EB1E07D3F77
:108D10000295033EB2D37D3FC223053E8CC67D3F04
:108D20006EB2063E40B97D3F0541083ECCAB7D3F6B
:108D300086CF093E309E7D3FF35D0B3E6E907D3FBA
:108D40004AEC0C3E85827D3F8B7A0E3E74747D3FEB
:108D5000B708103E3D667D3FCC96113EDE577D3F05
:108D6000CA24133E59497D3FB2B2143EAC3A7D3F0E
:108D70008340163ED82B7D3F3DCE173EDD1C7D3F08
:108D8000E05B193EBC0D7D3F6BE91A3E73FE7C3FF4
:108D9000DE761C3E03EF7C3F38041E3E6CDF7C3FDA
:108DA0007B911F3EAECF7C3FA51E213EC9BF7C3FBD
:108DB000B6AB223EBDAF7C3FAD38243E8A9F7C3FA0
:108DC0008CC5253E318F7C3F5152273EB07E7C3F83
:108DD000FCDE283E086E7C3F8D6B2A3E3A5D7C3F70
:108DE00004F82B3E444C7C3F61842D3E283B7C3F65
:108DF000A2102F3EE5297C3FC99C303E7A187C3F6B
:108E0000D428323EE9067C3FC4B4333E31F57B3F83
:108E10009840353E53E37B3F50CC363E4DD17B3FAF
:108E2000EC57383E20BF7B3F6CE3393ECDAC7B3FF7
:108E3000CF6E3B3E539A7B3F15FA3C3EB2877B3F59
:108E40003E853E3EEA747B3F4910403EFC617B3FDD
:108E5000379B413EE74E7B3F0726433EAB3B7B3F84
:108E6000B9B0443E48287B3F4D3B463EBE147B3F55
:108E7000C2C5473E0E017B3F1850493E37ED7A3F51
:108E80004FDA4A3E3AD97A3F67644C3E16C57A3F7C
:108E900060EE4D3ECBB07A3F38784F3E599C7A3FDA
:108EA000F101513EC1877A3F898B523E02737A3F6E
:108EB0000115543E1C5E7A3F589E553E10497A3F3C
:108EC0008F27573EDD337A3FA4B0583E841E7A3F49
:108ED00097395A3E04097A3F6AC25B3E5EF3793F96
:108EE0001A4B5D3E91DD793FA8D35E3E9DC7793F29
:108EF000135C603E83B1793F5CE4613E439B793F04
:108F0000836C633EDC84793F86F4643E4E6E793F29
:108F1000667C663E9A57793F2204683EC040793F9E
:108F2000BA8B693EBF29793F2F136B3E9812793F68
:108F30007F9A6C3E4AFB783FAB216E3ED6E3783F8A
:108F4000B2A86F3E3BCC783F942F713E7BB4783F04
:108F500051B6723E939C783FE83C743E8684783FDD
:108F60005AC3753E526C783FA649773EF853783F16
:108F7000CCCF783E773B783FCB557A3ED122783FB5
:108F8000A4DB7B3E040A783F56617D3E10F1773FBB
:108F9000E1E67E3EF7D7773F2236803EB7BE773F89
:108FA000C0F8803E51A5773F4ABB813EC58B773FD5
:108FB000C07D823E1372773F2240833E3A58773F0E
:108FC0007002843E3C3E773FAAC4843E1724773F1C
:108FD000CE86853ECC09773FDF48863E5BEF763F05
:108FE000DA0A873EC4D4763FC1CC873E07BA763FC3
:108FF000938E883E249F763F5050893E1B84763F57
:10900000F8118A3EEC68763F8AD38A3E974D763FC8
:1090100007958B3E1B32763F6E568C3E7A16763F16
:10902000C0178D3EB3FA753FFCD88D3EC6DE753F46
:10903000229A8E3EB3C2753F325B8F3E7BA6753F50
:109040002C1C903E1C8A753F10DD903E976D753F3D
:10905000DD9D913EED50753F945E923E1D34753F0F
:10906000351F933E2717753FBFDF933E0BFA743FC2
:1090700031A0943EC9DC743F8D60953E62BF743F61
:10908000D220963ED5A1743F00E1963E2284743FE3
:1090900017A1973E4966743F1661983E4B48743F4E
:1090A000FE20993E272A743FCEE0993EDD0B743FA7
:1090B00086A09A3E6EED733F27609B3ED9CE733FEC
:1090C000AF1F9C3E1FB0733F20DF9C3E3F91733F1C
:1090D000789E9D3E3972733FB85D9E3E0E53733F3E
:1090E000DF1C9F3EBE33733FEEDB9F3E4714733F52
:1090F000E59AA03EACF4723FC259A13EEBD4723F58
:109100008718A23E04B5723F33D7A23EF894723F4F
:10911000C595A33EC774723F3F54A43E7054723F3E
:109120009F12A53EF433723FE5D0A53E5213723F25
:10913000128FA63E8CF2713F254DA73E9FD1713F05
:109140001F0BA83E8EB0713FFEC8A83E578F713FDF
:10915000C486A93EFB6D713F6F44AA3E7A4C713FB5
:109160000102AB3ED42A713F77BFAB3E0809713F85
:10917000D47CAC3E17E7703F153AAD3E02C5703F58
:109180003CF7AD3EC6A2703F49B4AE3E6680703F2C
:109190003A71AF3EE15D703F102EB03E373B703FFD
:1091A000CBEAB03E6718703F6BA7B13E73F56F3FD7
:1091B000EF63B23E5AD26F3F5820B33E1BAF6F3FB2
:1091C000A5DCB33EB88B6F3FD698B43E30686F3F96
:1091D000EC54B53E83446F3FE610B63EB0206F3F7F
:1091E000C3CCB63EBAFC6E3F8488B73E9ED86E3F75
:1091F0002A44B83E5DB46E3FB2FFB83EF88F6E3F72
:109200001EBBB93E6D6B6E3F6E76BA3EBE466E3F7C
:10921000A031BB3EEB216E3FB6ECBB3EF2FC6D3F96
:10922000AFA7BC3ED5D76D3F8B62BD3E93B26D3FBD
:109230004A1DBE3E2D8D6D3FEBD7BE3EA1676D3FF3
:109240006F92BF3EF2416D3FD54CC03E1D1C6D3F3D
:109250001E07C13E24F66C3F48C1C13E07D06C3F9B
:10926000557BC23EC5A96C3F4435C33E5E836C3F0F
:1092700015EFC33ED45C6C3FC8A8C43E24366C3F97
:109280005C62C53E500F6C3FD21BC63E58E86B3F38
:1092900029D5C63E3BC16B3F628EC73EFB996B3FF3
:1092A0007C47C83E95726B3F7700C93E0C4B6B3FC5
:1092B00053B9C93E5E236B3F1072CA3E8CFB6A3FB6
:1092C000AE2ACB3E95D36A3F2CE3CB3E7BAB6A3FC5
:1092D0008B9BCC3E3C836A3FCA53CD3ED95A6A3FF2
:1092E000EA0BCE3E52326A3FEAC3CE3EA7096A3F3E
:1092F000CA7BCF3ED7E0693F8A33D03EE4B7693FAF
:109300002AEBD03ECC8E693FAAA2D13E9165693F3F
:10931000095AD23E323C693F4811D33EAE12693FF2
:1093200067C8D33E07E9683F647FD43E3CBF683FCF
:109330004136D53E4C95683FFDECD53E396B683FD4
:1093400099A3D63E0341683F135AD73EA816683FFB
:109350006B10D83E2AEC673FA3C6D83E87C1673F53
:10936000B97CD93EC196673FAD32DA3ED86B673FD4
:1093700080E8DA3ECA40673F319EDB3E9915673F81
:10938000C153DC3E45EA663F2E09DD3ECCBE663F5A
:1093900079BEDD3E3093663FA273DE3E7167663F65
:1093A000A928DF3E8E3B663F8DDDDF3E880F663F9E
:1093B0004F92E03E5EE3653FEE46E13E10B7653F0B
:1093C0006AFBE13EA08A653FC4AFE23E0B5E653FAB
:1093D000FA63E33E5431653F0E18E43E7904653F7D
:1093E000FECBE43E7BD7643FCB7FE53E59AA643F8A
:1093F0007533E63E147D643FFBE6E63EAC4F643FCA
:109400005D9AE73E2122643F9C4DE83E73F4633F42
:10941000B700E93EA1C6633FAEB3E93EAC98633FF7
:109420008166EA3E956A633F3019EB3E5A3C633FE2
:10943000BBCBEB3EFC0D633F217EEC3E7BDF623F0E
:109440006330ED3ED7B0623F80E2ED3E1082623F76
:109450007994EE3E2653623F4C46EF3E1A24623F1B
:10946000FBF7EF3EEAF4613F85A9F03E98C5613F06
:10947000EA5AF13E2296613F290CF23E8A66613F2C
:1094800043BDF23ED036613F386EF33EF206613F97
:10949000071FF43EF2D6603FB1CFF43ECFA6603F47
:1094A0003580F53E8976603F9330F63E2146603F39
:1094B000CBE0F63E9615603FDC90F73EE9E45F3F77
:1094C000C840F83E19B45F3F8EF0F83E27835F3FF7
:1094D0002DA0F93E12525F3FA54FFA3EDB205F3FC1
:1094E000F7FEFA3E81EF5E3F22AEFB3E05BE5E3FD9
:1094F000275DFC3E678C5E3F040CFD3EA65A5E3F36
:10950000BBBAFD3EC3285E3F4A69FE3EBEF65D3FE4
:10951000B217FF3E97C45D3FF3C5FF3E4D925D3FDE
:10952000063A003FE15F5D3FFF90003F532D5D3FF6
:10953000E4E7003FA3FA5C3FB53E013FD1C75C3F83
:109540007395013FDD945C3F1CEC013FC7615C3FBC
:10955000B142023F8E2E5C3F3299023F34FB5B3FAB
:109560009FEF023FB8C75B3FF845033F1A945B3F4C
:109570003D9C033F5A605B3F6DF2033F792C5B3F9C
:109580008948043F75F85A3F919E043F50C45A3FA2
:1095900084F4043F09905A3F624A053FA05B5A3F5A
:1095A0002CA0053F16275A3FE2F5053F6AF2593FC6
:1095B000824B063F9CBD593F0EA1063FAD88593FE7
:1095C00086F6063F9C53593FE84B073F6A1E593FBA
:1095D00036A1073F17E9583F6FF6073FA1B3583F41
:1095E000924B083F0B7E583FA1A0083F5348583F7D
:1095F0009BF5083F7912583F7F4A093F7FDC573F70
:109600004E9F093F63A6573F09F4093F2670573F15
:10961000AD480A3FC739573F3D9D0A3F4803573F72
:10962000B7F10A3FA7CC563F1C460B3FE595563F86
:109630006B9A0B3F025F563FA5EE0B3FFE27563F4E
:10964000C9420C3FD9F0553FD7960C3F93B9553FCF
:10965000D0EA0C3F2C82553FB33E0D3FA44A553F04
:1096600081920D3FFB12553F38E60D3F31DB543FF1
:10967000DA390E3F47A3543F658D0E3F3B6B543F95
:10968000DBE00E3F0F33543F3B340F3FC3FA533FF1
:1096900084870F3F55C2533FB8DA0F3FC789533F06
:1096A000D52D103F1851533FDC80103F4918533FD0
:1096B000CDD3103F59DF523FA726113F49A6523F55
:1096C0006B79113F186D523F19CC113FC633523F91
:1096D000B01E123F54FA513F3071123FC2C0513F89
:1096E0009AC3123F1087513FEE15133F3D4D513F36
:1096F0002A68133F4A13513F50BA133F37D9503F9E
:109700005F0C143F039F503F585E143FAF64503FBF
:1097100039B0143F3B2A503F0402153FA8EF4F3F9A
:10972000B753153FF4B44F3F54A5153F1F7A4F3F31
:10973000D9F6153F2B3F4F3F4748163F17044F3F81
:109740009F99163FE4C84E3FDFEA163F908D4E3F8B
:10975000073C173F1C524E3F188D173F89164E3F4E
:1097600012DE173FD5DA4D3FF52E183F029F4D3FD1
:10977000C07F183F10634D3F73D0183FFD264D3F0B
:109780000F21193FCBEA4C3F9471193F79AE4C3F02
:1097900000C2193F08724C3F55121A3F78354C3FB2
:1097A00093621A3FC7F84B3FB8B21A3FF8BB4B3F22
:1097B000C6021B3F097F4B3FBB521B3FFA414B3F49
:1097C00099A21B3FCC044B3F5FF21B3F7FC74A3F30
:1097D0000C421C3F138A4A3FA2911C3F874C4A3FD0
:1097E0001FE11C3FDC0E4A3F84301D3F12D1493F30
:1097F000D17F1D3F2993493F06CF1D3F2155493F4A
:10980000221E1E3FFA16493F266D1E3FB3D8483F21
:1098100012BC1E3F4E9A483FE50A1F3FCA5B483FB5
:109820009F591F3F271D483F41A81F3F65DE473F07
:10983000CBF61F3F849F473F3B45203F8560473F16
:109840009393203F6721473FD2E1203F2AE2463FE2
:10985000F92F213FCEA2463F067E213F5463463F6B
:10986000FBCB213FBB23463FD719223F03E4453FB3
:109870009967223F2DA4453F43B5223F3964453FB8
:10988000D302233F2624453F4B50233FF5E3443F7B
:10989000A99D233FA5A3443FEEEA233F3763443FFE
:1098A0001A38243FAB22443F2C85243F00E2433F3B
:1098B00025D2243F38A1433F041F253F5160433F39
:1098C000CB6B253F4C1F433F77B8253F29DE423FF6
:1098D0000A05263FE89C423F8451263F895B423F70
:1098E000E39D263F0B1A423F2AEA263F70D8413FAC
:1098F0005636273FB796413F6882273FE154413FA4
:1099000061CE273FEC12413F401A283FDAD0403F5A
:109910000566283FA98E403FB0B1283F5C4C403FD0
:1099200041FD283FF009403FB848293F67C73F3F06
:109930001594293FC0843F3F57DF293FFC413F3FFB
:10994000802A2A3F1BFF3E3F8E752A3F1BBC3E3FAD
:1099500082C02A3FFF783E3F5B0B2B3FC5353E3F21
:109960001B562B3F6EF23D3FBFA02B3FF9AE3D3F54
:109970004AEB2B3F676B3D3FB9352C3FB8273D3F46
:109980000F802C3FECE33C3F49CA2C3F03A03C3FF7
:1099900069142D3FFC5B3C3F6F5E2D3FD9173C3F68
:1099A00059A82D3F98D33B3F29F22D3F3B8F3B3F9A
:1099B000DE3B2E3FC14A3B3F78852E3F29063B3F89
:1099C000F7CE2E3F75C13A3F5B182F3FA47C3A3F3C
:1099D000A5612F3FB7373A3FD3AA2F3FACF2393FAB
:1099E000E6F32F3F85AD393FDE3C303F4268393FDB
:1099F000BB85303FE122393F7CCE303F65DD383FCB
:109A00002217313FCB97383FAD5F313F1652383F79
:109A10001DA8313F430C383F71F0313F55C6373FE9
:109A2000AA38323F4A80373FC780323F233A373F18
:109A3000C9C8323FDFF3363FAF10333F7FAD363F0B
:109A40007A58333F0467363F29A0333F6C20363FB6
:109A5000BCE7333FB8D9353F342F343FE792353F29
:109A60008F76343FFB4B353FCFBD343FF304353F5A
:109A7000F304353FCFBD343FFB4B353F8F76343F4A
:109A8000E792353F342F343FB8D9353FBCE7333FF9
:109A90006C20363F29A0333F0467363F7A58333F66
:109AA0007FAD363FAF10333FDFF3363FC9C8323F9B
:109AB000233A373FC780323F4A80373FAA38323F88
:109AC00055C6373F71F0313F430C383F1DA8313F39
:109AD0001652383FAD5F313FCB97383F2217313FA9
:109AE00065DD383F7CCE303FE122393FBB85303FDA
:109AF0004268393FDE3C303F85AD393FE6F32F3FCA
:109B0000ACF2393FD3AA2F3FB7373A3FA5612F3F79
:109B1000A47C3A3F5B182F3F75C13A3FF7CE2E3FEA
:109B200029063B3F78852E3FC14A3B3FDE3B2E3F17
:109B30003B8F3B3F29F22D3F98D33B3F59A82D3F08
:109B4000D9173C3F6F5E2D3FFC5B3C3F69142D3FB6
:109B500003A03C3F49CA2C3FECE33C3F0F802C3F25
:109B6000B8273D3FB9352C3F676B3D3F4AEB2B3F54
:109B7000F9AE3D3FBFA02B3F6EF23D3F1B562B3F42
:109B8000C5353E3F5B0B2B3FFF783E3F82C02A3FEF
:109B90001BBC3E3F8E752A3F1BFF3E3F802A2A3F5B
:109BA000FC413F3F57DF293FC0843F3F1594293F89
:109BB00067C73F3FB848293FF009403F41FD283F74
:109BC0005C4C403FB0B1283FA98E403F0566283F1E
:109BD000DAD0403F401A283FEC12413F61CE273F88
:109BE000E154413F6882273FB796413F5636273FB1
:109BF00070D8413F2AEA263F0B1A423FE39D263F99
:109C0000895B423F8451263FE89C423F0A05263F3C
:109C100029DE423F77B8253F4C1F433FCB6B253FA2
:109C20005160433F041F253F38A1433F25D2243FC5
:109C300000E2433F2C85243FAB22443F1A38243FA7
:109C40003763443FEEEA233FA5A3443FA99D233F4A
:109C5000F5E3443F4B50233F2624453FD302233FA7
:109C60003964453F43B5223F2DA4453F9967223FC4
:109C700003E4453FD719223FBB23463FFBCB213F9F
:109C80005463463F067E213FCEA2463FF92F213F37
:109C90002AE2463FD2E1203F6721473F9393203F8E
:109CA0008560473F3B45203F849F473FCBF61F3FA2
:109CB00065DE473F41A81F3F271D483F9F591F3F73
:109CC000CA5B483FE50A1F3F4E9A483F12BC1E3F01
:109CD000B3D8483F266D1E3FFA16493F221E1E3F4D
:109CE0002155493F06CF1D3F2993493FD17F1D3F55
:109CF00012D1493F84301D3FDC0E4A3F1FE11C3F1B
:109D0000874C4A3FA2911C3F138A4A3F0C421C3F9A
:109D10007FC74A3F5FF21B3FCC044B3F99A21B3FDA
:109D2000FA414B3FBB521B3F097F4B3FC6021B3FD3
:109D3000F8BB4B3FB8B21A3FC7F84B3F93621A3F8C
:109D400078354C3F55121A3F08724C3F00C2193FFC
:109D500079AE4C3F9471193FCBEA4C3F0F21193F2C
:109D6000FD264D3F73D0183F10634D3FC07F183F15
:109D7000029F4D3FF52E183FD5DA4D3F12DE173FBB
:109D800089164E3F188D173F1C524E3F073C173F18
:109D9000908D4E3FDFEA163FE4C84E3F9F99163F35
:109DA00017044F3F4748163F2B3F4F3FD9F6153F0B
:109DB0001F7A4F3F54A5153FF4B44F3FB753153F9B
:109DC000A8EF4F3F0402153F3B2A503F39B0143FE4
:109DD000AF64503F585E143F039F503F5F0C143FE9
:109DE00037D9503F50BA133F4A13513F2A68133FA7
:109DF0003D4D513FEE15133F1087513F9AC3123F1F
:109E0000C2C0513F3071123F54FA513FB01E123F51
:109E1000C633523F19CC113F186D523F6B79113F39
:109E200049A6523FA726113F59DF523FCDD3103FDD
:109E30004918533FDC80103F1851533FD52D103F38
:109E4000C789533FB8DA0F3F55C2533F84870F3F4E
:109E5000C3FA533F3B340F3F0F33543FDBE00E3F19
:109E60003B6B543F658D0E3F47A3543FDA390E3F9D
:109E700031DB543F38E60D3FFB12553F81920D3FD9
:109E8000A44A553FB33E0D3F2C82553FD0EA0C3FCC
:109E900093B9553FD7960C3FD9F0553FC9420C3F77
:109EA000FE27563FA5EE0B3F025F563F6B9A0B3FD6
:109EB000E595563F1C460B3FA7CC563FB7F10A3FEE
:109EC0004803573F3D9D0A3FC739573FAD480A3FBA
:109ED0002670573F09F4093F63A6573F4E9F093F3D
:109EE0007FDC573F7F4A093F7912583F9BF5083F77
:109EF0005348583FA1A0083F0B7E583F924B083F64
:109F0000A1B3583F6FF6073F17E9583F36A1073F07
:109F10006A1E593FE84B073F9C53593F86F6063F60
:109F2000AD88593F0EA1063F9CBD593F824B063F6D
:109F30006AF2593FE2F5053F16275A3F2CA0053F2C
:109F4000A05B5A3F624A053F09905A3F84F4043FA0
:109F500050C45A3F919E043F75F85A3F8948043FC8
:109F6000792C5B3F6DF2033F5A605B3F3D9C033FA2
:109F70001A945B3FF845033FB8C75B3F9FEF023F32
:109F800034FB5B3F3299023F8E2E5C3FB142023F71
:109F9000C7615C3F1CEC013FDD945C3F7395013F62
:109FA000D1C75C3FB53E013FA3FA5C3FE4E7003F09
:109FB000532D5D3FFF90003FE15F5D3F063A003F5C
:109FC0004D925D3FF3C5FF3E97C45D3FB217FF3E24
:109FD000BEF65D3F4A69FE3EC3285E3FBBBAFD3E0A
:109FE000A65A5E3F040CFD3E678C5E3F275DFC3E3B
:109FF00005BE5E3F22AEFB3E81EF5E3FF7FEFA3EBE
:10A00000DB205F3FA54FFA3E12525F3F2DA0F93E85
:10A0100027835F3F8EF0F83E19B45F3FC840F83E9B
:10A02000E9E45F3FDC90F73E9615603FCBE0F63EFB
:10A030002146603F9330F63E8976603F3580F53E9D
:10A04000CFA6603FB1CFF43EF2D6603F071FF43E8B
:10A05000F206613F386EF33ED036613F43BDF23EBB
:10A060008A66613F290CF23E2296613FEA5AF13E30
:10A0700098C5613F85A9F03EEAF4613FFBF7EF3EEA
:10A080001A24623F4C46EF3E2653623F7994EE3EDF
:10A090001082623F80E2ED3ED7B0623F6330ED3E1A
:10A0A0007BDF623F217EEC3EFC0D633FBBCBEB3E92
:10A0B0005A3C633F3019EB3E956A633F8166EA3E46
:10A0C000AC98633FAEB3E93EA1C6633FB700E93E3B
:10A0D00073F4633F9C4DE83E2122643F5D9AE73E66
:10A0E000AC4F643FFBE6E63E147D643F7533E63ECD
:10A0F00059AA643FCB7FE53E7BD7643FFECBE43E6D
:10A100007904653F0E18E43E5431653FFA63E33E3F
:10A110000B5E653FC4AFE23EA08A653F6AFBE13E4D
:10A1200010B7653FEE46E13E5EE3653F4F92E03E8D
:10A13000880F663F8DDDDF3E8E3B663FA928DF3E00
:10A140007167663FA273DE3E3093663F79BEDD3EA7
:10A15000CCBE663F2E09DD3E45EA663FC153DC3E7C
:10A160009915673F319EDB3ECA40673F80E8DA3E83
:10A17000D86B673FAD32DA3EC196673FB97CD93EB6
:10A1800087C1673FA3C6D83E2AEC673F6B10D83E15
:10A19000A816683F135AD73E0341683F99A3D63E9D
:10A1A000396B683FFDECD53E4C95683F4136D53E56
:10A1B0003CBF683F647FD43E07E9683F67C8D33E31
:10A1C000AE12693F4811D33E323C693F095AD23E34
:10A1D0009165693FAAA2D13ECC8E693F2AEBD03E61
:10A1E000E4B7693F8A33D03ED7E0693FCA7BCF3EB0
:10A1F000A7096A3FEAC3CE3E52326A3FEA0BCE3E1F
:10A20000D95A6A3FCA53CD3E3C836A3F8B9BCC3EB2
:10A210007BAB6A3F2CE3CB3E95D36A3FAE2ACB3E65
:10A220008CFB6A3F1072CA3E5E236B3F53B9C93E36
:10A230000C4B6B3F7700C93E95726B3F7C47C83E25
:10A24000FB996B3F628EC73E3BC16B3F29D5C63E33
:10A2500058E86B3FD21BC63E500F6C3F5C62C53E58
:10A2600024366C3FC8A8C43ED45C6C3F15EFC33E97
:10A270005E836C3F4435C33EC5A96C3F557BC23EEF
:10A2800007D06C3F48C1C13E24F66C3F1E07C13E5B
:10A290001D1C6D3FD54CC03EF2416D3F6F92BF3EDD
:10A2A000A1676D3FEBD7BE3E2D8D6D3F4A1DBE3E73
:10A2B00093B26D3F8B62BD3ED5D76D3FAFA7BC3E1D
:10A2C000F2FC6D3FB6ECBB3EEB216E3FA031BB3ED6
:10A2D000BE466E3F6E76BA3E6D6B6E3F1EBBB93E9C
:10A2E000F88F6E3FB2FFB83E5DB46E3F2A44B83E71
:10A2F0009ED86E3F8488B73EBAFC6E3FC3CCB63E54
:10A30000B0206F3FE610B63E83446F3FEC54B53E3D
:10A3100030686F3FD698B43EB88B6F3FA5DCB33E34
:10A320001BAF6F3F5820B33E5AD26F3FEF63B23E30
:10A3300073F56F3F6BA7B13E6718703FCBEAB03E35
:10A34000373B703F102EB03EE15D703F3A71AF3E3B
:10A350006680703F49B4AE3EC6A2703F3CF7AD3E4A
:10A3600002C5703F153AAD3E17E7703FD47CAC3E56
:10A370000809713F77BFAB3ED42A713F0102AB3E63
:10A380007A4C713F6F44AA3EFB6D713FC486A93E73
:10A39000578F713FFEC8A83E8EB0713F1F0BA83E7D
:10A3A0009FD1713F254DA73E8CF2713F128FA63E83
:10A3B0005213723FE5D0A53EF433723F9F12A53E83
:10A3C0007054723F3F54A43EC774723FC595A33E7C
:10A3D000F894723F33D7A23E04B5723F8718A23E6D
:10A3E000EBD4723FC259A13EACF4723FE59AA03E55
:10A3F0004714733FEEDB9F3EBE33733FDF1C9F3E2F
:10A400000E53733FB85D9E3E3972733F789E9D3EFA
:10A410003F91733F20DF9C3E1FB0733FAF1F9C3EB8
:10A42000D9CE733F27609B3E6EED733F86A09A3E68
:10A43000DD0B743FCEE0993E272A743FFE20993E03
:10A440004B48743F1661983E4966743F17A1973E8A
:10A450002284743F00E1963ED5A1743FD220963EFF
:10A4600062BF743F8D60953EC9DC743F31A0943E5D
:10A470000BFA743FBFDF933E2717753F351F933E9E
:10A480001D34753F945E923EED50753FDD9D913ECB
:10A49000976D753F10DD903E1C8A753F2C1C903ED9
:10A4A0007BA6753F325B8F3EB3C2753F229A8E3ECC
:10A4B000C6DE753FFCD88D3EB3FA753FC0178D3EA2
:10A4C0007A16763F6E568C3E1B32763F07958B3E52
:10A4D000974D763F8AD38A3EEC68763FF8118A3EE4
:10A4E0001B84763F5050893E249F763F938E883E52
:10A4F00007BA763FC1CC873EC4D4763FDA0A873E9E
:10A500005BEF763FDF48863ECC09773FCE86853EBF
:10A510001724773FAAC4843E3C3E773F7002843EB6
:10A520003A58773F2240833E1372773FC07D823E88
:10A53000C58B773F4ABB813E51A5773FC0F8803E2F
:10A54000B7BE773F2236803EF7D7773FE1E67E3EC3
:10A5500010F1773F56617D3E040A783FA4DB7B3ED5
:10A56000D122783FCB557A3E773B783FCCCF783EAF
:10A57000F853783FA649773E526C783F5AC3753EF0
:10A580008684783FE83C743E939C783F51B6723E97
:10A590007BB4783F942F713E3BCC783FB2A86F3E9E
:10A5A000D6E3783FAB216E3E4AFB783F7F9A6C3E04
:10A5B0009812793F2F136B3EBF29793FBA8B693EC2
:10A5C000C040793F2204683E9A57793F667C663ED8
:10A5D0004E6E793F86F4643EDC84793F836C633E43
:10A5E000439B793F5CE4613E83B1793F135C603EFD
:10A5F0009DC7793FA8D35E3E91DD793F1A4B5D3E02
:10A600005EF3793F6AC25B3E04097A3F97395A3E4E
:10A61000841E7A3FA4B0583EDD337A3F8F27573EE1
:10A6200010497A3F589E553E1C5E7A3F0115543EB4
:10A6300002737A3F898B523EC1877A3FF101513EC6
:10A64000599C7A3F38784F3ECBB07A3F60EE4D3E12
:10A6500016C57A3F67644C3E3AD97A3F4FDA4A3E94
:10A6600037ED7A3F1850493E0E017B3FC2C5473E49
:10A67000BE147B3F4D3B463E48287B3FB9B0443E2D
:10A68000AB3B7B3F0726433EE74E7B3F379B413E3C
:10A69000FC617B3F4910403EEA747B3F3E853E3E75
:10A6A000B2877B3F15FA3C3E539A7B3FCF6E3B3ED1
:10A6B000CDAC7B3F6CE3393E20BF7B3FEC57383E4F
:10A6C0004DD17B3F50CC363E53E37B3F9840353EE7
:10A6D00031F57B3FC4B4333EE9067C3FD428323E9B
:10A6E0007A187C3FC99C303EE5297C3FA2102F3E62
:10A6F000283B7C3F61842D3E444C7C3F04F82B3E3C
:10A700003A5D7C3F8D6B2A3E086E7C3FFCDE283E26
:10A71000B07E7C3F5152273E318F7C3F8CC5253E19
:10A720008A9F7C3FAD38243EBDAF7C3FB6AB223E16
:10A73000C9BF7C3FA51E213EAECF7C3F7B911F3E13
:10A740006CDF7C3F38041E3E03EF7C3FDE761C3E10
:10A7500073FE7C3F6BE91A3EBC0D7D3FE05B193E0A
:10A76000DD1C7D3F3DCE173ED82B7D3F8340163EFE
:10A77000AC3A7D3FB2B2143E59497D3FCA24133EE4
:10A78000DE577D3FCC96113E3D667D3FB708103EBB
:10A7900074747D3F8B7A0E3E85827D3F4AEC0C3E81
:10A7A0006E907D3FF35D0B3E309E7D3F86CF093E30
:10A7B000CCAB7D3F0541083E40B97D3F6EB2063EC1
:10A7C0008CC67D3FC223053EB2D37D3F0295033E3A
:10A7D000B1E07D3F2E06023E88ED7D3F4577003E8D
:10A7E00038FA7D3F92D0FD3DC2067E3F73B2FA3DFE
:10A7F00024137E3F2C94F73D5E1F7E3FC075F43DD1
:10A80000722B7E3F2E57F13D5E377E3F7638EE3D10
:10A8100023437E3F9A19EB3DC14E7E3F9AFAE73DB6
:10A82000385A7E3F76DBE43D88657E3F2EBCE13DB5
:10A83000B0707E3FC49CDE3DB17B7E3F377DDB3D0B
:10A840008B867E3F895DD83D3D917E3FB93DD53DAC
:10A85000C99B7E3FC81DD23D2DA67E3FB7FDCE3D94
:10A8600069B07E3F86DDCB3D7FBA7E3F36BDC83DB9
:10A870006DC47E3FC69CC53D34CE7E3F397CC23D13
:10A88000D4D77E3F8D5BBF3D4CE17E3FC33ABC3D9C
:10A890009DEA7E3FDD19B93DC7F37E3FDAF8B53D4D
:10A8A000C9FC7E3FBBD7B23DA4057F3F80B6AF3D1C
:10A8B000580E7F3F2B95AC3DE4167F3FBA73A93D00
:10A8C000491F7F3F3052A63D87277F3F8C30A33DF5
:10A8D0009D2F7F3FCF0EA03D8D377F3FF9EC9C3DF4
:10A8E000543F7F3F0ACB993DF4467F3F05A9963DF3
:10A8F0006D4E7F3FE786933DBF557F3FB464903DEB
:10A90000E95C7F3F6A428D3DEC637F3F0A208A3DD0
:10A91000C76A7F3F94FD863D7B717F3F0ADB833DA5
:10A9200008787F3F6CB8803D6D7E7F3F742B7B3D08
:10A93000AB847F3FE9E5743DC28A7F3F38A06E3D1E
:10A94000B1907F3F625A683D78967F3F6814623DC0
:10A95000189C7F3F4CCE5B3D91A17F3F0E88553DBB
:10A96000E3A67F3FAF414F3D0DAC7F3F2FFB483DFE
:10A970000FB17F3F91B4423DEAB57F3FD56D3C3D7D
:10A980009EBA7F3FFC26363D2ABF7F3F07E02F3D22
:10A990008FC37F3FF698293DCCC77F3FCC51233DE5
:10A9A000E2CB7F3F880A1D3DD1CF7F3F2CC3163DB0
:10A9B00098D37F3FB87B103D37D77F3F2F340A3D78
:10A9C000AFDA7F3F90EC033D00DE7F3FB949FB3CAF
:10A9D00029E17F3F2DBAEE3C2BE47F3F7B2AE23C0E
:10A9E00005E77F3FA69AD53CB8E97F3FB00AC93C4E
:10A9F00043EC7F3F9B7ABC3CA7EE7F3F69EAAF3CCC
:10AA0000E3F07F3F1C5AA33CF8F27F3FB6C9963C67
:10AA1000E6F47F3F38398A3CACF67F3F4B517B3CB4
:10AA20004AF87F3F0030623CC1F97F3F900E493CBD
:10AA300011FB7F3F02ED2F3C39FC7F3F59CB163C89
:10AA400039FD7F3F3053FB3B13FE7F3F890FC93BEE
:10AA5000C4FE7F3FC1CB963B4EFF7F3FC70F493BB4
:10AA6000B1FF7F3FD40FC93AECFF7F3F00000000E9
:10AA70000000803FD40FC9BAECFF7F3FC70F49BB2E
:10AA8000B1FF7F3FC1CB96BB4EFF7F3F890FC9BB54
:10AA9000C4FE7F3F3053FBBB13FE7F3F59CB16BC38
:10AAA00039FD7F3F02ED2FBC39FC7F3F900E49BC42
:10AAB00011FB7F3F003062BCC1F97F3F4B517BBC33
:10AAC0004AF87F3F38398ABCACF67F3FB6C996BC9E
:10AAD000E6F47F3F1C5AA3BCF8F27F3F69EAAFBCA3
:10AAE000E3F07F3F9B7ABCBCA7EE7F3FB00AC9BCB6
:10AAF00043EC7F3FA69AD5BCB8E97F3F7B2AE2BCF6
:10AB000005E77F3F2DBAEEBC2BE47F3FB949FBBC84
:10AB100029E17F3F90EC03BD00DE7F3F2F340ABD6B
:10AB2000AFDA7F3FB87B10BD37D77F3F2CC316BD50
:10AB300098D37F3F880A1DBDD1CF7F3FCC5123BD25
:10AB4000E2CB7F3FF69829BDCCC77F3F07E02FBD02
:10AB50008FC37F3FFC2636BD2ABF7F3FD56D3CBDEE
:10AB60009EBA7F3F91B442BDEAB57F3F2FFB48BDFF
:10AB70000FB17F3FAF414FBD0DAC7F3F0E8855BD3C
:10AB8000E3A67F3F4CCE5BBD91A17F3F681462BDC1
:10AB9000189C7F3F625A68BD78967F3F38A06EBD93
:10ABA000B1907F3FE9E574BDC28A7F3F742B7BBDC6
:10ABB000AB847F3F6CB880BD6D7E7F3F0ADB83BD79
:10ABC00008787F3F94FD86BD7B717F3F0A208ABD58
:10ABD000C76A7F3F6A428DBDEC637F3FB46490BD1E
:10ABE000E95C7F3FE78693BDBF557F3F05A996BDD2
:10ABF0006D4E7F3F0ACB99BDF4467F3FF9EC9CBD7B
:10AC0000543F7F3FCF0EA0BD8D377F3F8C30A3BD1B
:10AC10009D2F7F3F3052A6BD87277F3FBA73A9BDC6
:10AC2000491F7F3F2B95ACBDE4167F3F80B6AFBD7B
:10AC3000580E7F3FBBD7B2BDA4057F3FDAF8B5BD44
:10AC4000C9FC7E3FDD19B9BDC7F37E3FC33ABCBD29
:10AC50009DEA7E3F8D5BBFBD4CE17E3F397CC2BD2E
:10AC6000D4D77E3FC69CC5BD34CE7E3F36BDC8BD61
:10AC70006DC47E3F86DDCBBD7FBA7E3FB7FDCEBDC6
:10AC800069B07E3FC81DD2BD2DA67E3FB93DD5BD62
:10AC9000C99B7E3F895DD8BD3D917E3F377DDBBD41
:10ACA0008B867E3FC49CDEBDB17B7E3F2EBCE1BD6A
:10ACB000B0707E3F76DBE4BD88657E3F9AFAE7BDE3
:10ACC000385A7E3F9A19EBBDC14E7E3F7638EEBDB5
:10ACD00023437E3F2E57F1BD5E377E3FC075F4BDE6
:10ACE000722B7E3F2C94F7BD5E1F7E3F73B2FABD80
:10ACF00024137E3F92D0FDBDC2067E3F457700BE45
:10AD000038FA7D3F2E0602BE88ED7D3F029503BED8
:10AD1000B1E07D3FC22305BEB2D37D3F6EB206BE19
:10AD20008CC67D3F054108BE40B97D3F86CF09BE38
:10AD3000CCAB7D3FF35D0BBE309E7D3F4AEC0CBE3D
:10AD40006E907D3F8B7A0EBE85827D3FB70810BE28
:10AD500074747D3FCC9611BE3D667D3FCA2413BE00
:10AD6000DE577D3FB2B214BE59497D3F834016BEC7
:10AD7000AC3A7D3F3DCE17BED82B7D3FE05B19BE80
:10AD8000DD1C7D3F6BE91ABEBC0D7D3FDE761CBE2F
:10AD900073FE7C3F38041EBE03EF7C3F7B911FBED9
:10ADA0006CDF7C3FA51E21BEAECF7C3FB6AB22BE82
:10ADB000C9BF7C3FAD3824BEBDAF7C3F8CC525BE2E
:10ADC0008A9F7C3F515227BE318F7C3FFCDE28BEDC
:10ADD000B07E7C3F8D6B2ABE086E7C3F04F82BBE94
:10ADE0003A5D7C3F61842DBE444C7C3FA2102FBE57
:10ADF000283B7C3FC99C30BEE5297C3FD42832BE2D
:10AE00007A187C3FC4B433BEE9067C3F984035BE17
:10AE100031F57B3F50CC36BE53E37B3FEC5738BE19
:10AE20004DD17B3F6CE339BE20BF7B3FCF6E3BBE35
:10AE3000CDAC7B3F15FA3CBE539A7B3F3E853EBE70
:10AE4000B2877B3F491040BEEA747B3F379B41BECF
:10AE5000FC617B3F072643BEE74E7B3FB9B044BE53
:10AE6000AB3B7B3F4D3B46BE48287B3FC2C547BE00
:10AE7000BE147B3F185049BE0E017B3F4FDA4ABEDD
:10AE800037ED7A3F67644CBE3AD97A3F60EE4DBEEB
:10AE900016C57A3F38784FBECBB07A3FF10151BE2C
:10AEA000599C7A3F898B52BEC1877A3F011554BEA7
:10AEB00002737A3F589E55BE1C5E7A3F8F2757BE5D
:10AEC00010497A3FA4B058BEDD337A3F97395ABE55
:10AED000841E7A3F6AC25BBE04097A3F1A4B5DBE8C
:10AEE0005EF3793FA8D35EBE91DD793F135C60BE0F
:10AEF0009DC7793F5CE461BE83B1793F836C63BEDB
:10AF0000439B793F86F464BEDC84793F667C66BEF1
:10AF10004E6E793F220468BE9A57793FBA8B69BE5C
:10AF2000C040793F2F136BBEBF29793F7F9A6CBE1B
:10AF30009812793FAB216EBE4AFB783FB2A86FBE34
:10AF4000D6E3783F942F71BE3BCC783F51B672BEAA
:10AF50007BB4783FE83C74BE939C783F5AC375BE7F
:10AF60008684783FA64977BE526C783FCCCF78BEB6
:10AF7000F853783FCB557ABE773B783FA4DB7BBE56
:10AF8000D122783F56617DBE040A783FE1E67EBE5D
:10AF900010F1773F223680BEF7D7773FC0F880BEEA
:10AFA000B7BE773F4ABB81BE51A5773FC07D82BE09
:10AFB000C58B773F224083BE1372773F700284BEF9
:10AFC0003A58773FAAC484BE3C3E773FCE8685BEC2
:10AFD0001724773FDF4886BECC09773FDA0A87BE61
:10AFE0005BEF763FC1CC87BEC4D4763F938E88BEDC
:10AFF00007BA763F505089BE249F763FF8118ABE2B
:10B000001B84763F8AD38ABEEC68763F07958BBE59
:10B01000974D763F6E568CBE1B32763FC0178DBE65
:10B020007A16763FFCD88DBEB3FA753F229A8EBE53
:10B03000C6DE753F325B8FBEB3C2753F2C1C90BE1F
:10B040007BA6753F10DD90BE1C8A753FDD9D91BECD
:10B05000976D753F945E92BEED50753F351F93BE60
:10B060001D34753FBFDF93BE2717753F31A094BED7
:10B070000BFA743F8D6095BEC9DC743FD22096BE3A
:10B0800062BF743F00E196BED5A1743F17A197BE81
:10B090002284743F166198BE4966743FFE2099BEB3
:10B0A0004B48743FCEE099BE272A743F86A09ABED3
:10B0B000DD0B743F27609BBE6EED733FAF1F9CBEE0
:10B0C000D9CE733F20DF9CBE1FB0733F789E9DBEDC
:10B0D0003F91733FB85D9EBE3972733FDF1C9FBEC8
:10B0E0000E53733FEEDB9FBEBE33733FE59AA0BEA7
:10B0F0004714733FC259A1BEACF4723F8718A2BE79
:10B10000EBD4723F33D7A2BE04B5723FC595A3BE40
:10B11000F894723F3F54A4BEC774723F9F12A5BEFD
:10B120007054723FE5D0A5BEF433723F128FA6BEB5
:10B130005213723F254DA7BE8CF2713F1F0BA8BE64
:10B140009FD1713FFEC8A8BE8EB0713FC486A9BE14
:10B15000578F713F6F44AABEFB6D713F0102ABBEBA
:10B160007A4C713F77BFABBED42A713FD47CACBE62
:10B170000809713F153AADBE17E7703F3CF7ADBE09
:10B1800002C5703F49B4AEBEC6A2703F3A71AFBEB1
:10B190006680703F102EB0BEE15D703FCBEAB0BE5E
:10B1A000373B703F6BA7B1BE6718703FEF63B2BE0D
:10B1B00073F56F3F5820B3BE5AD26F3FA5DCB3BEC4
:10B1C0001BAF6F3FD698B4BEB88B6F3FEC54B5BE83
:10B1D00030686F3FE610B6BE83446F3FC3CCB6BE47
:10B1E000B0206F3F8488B7BEBAFC6E3F2A44B8BE19
:10B1F0009ED86E3FB2FFB8BE5DB46E3F1EBBB9BEF7
:10B20000F88F6E3F6E76BABE6D6B6E3FA031BBBEDF
:10B21000BE466E3FB6ECBBBEEB216E3FAFA7BCBED9
:10B22000F2FC6D3F8B62BDBED5D76D3F4A1DBEBEE1
:10B2300093B26D3FEBD7BEBE2D8D6D3F6F92BFBEFB
:10B24000A1676D3FD54CC0BEF2416D3F1E07C1BE28
:10B250001D1C6D3F48C1C1BE24F66C3F557BC2BE6C
:10B2600007D06C3F4435C3BEC5A96C3F15EFC3BEC4
:10B270005E836C3FC8A8C4BED45C6C3F5C62C5BE34
:10B2800024366C3FD21BC6BE500F6C3F29D5C6BEBC
:10B2900058E86B3F628EC7BE3BC16B3F7C47C8BE60
:10B2A000FB996B3F7700C9BE95726B3F53B9C9BE1E
:10B2B0000C4B6B3F1072CABE5E236B3FAE2ACBBEF7
:10B2C0008CFB6A3F2CE3CBBE95D36A3F8B9BCCBEF5
:10B2D0007BAB6A3FCA53CDBE3C836A3FEA0BCEBE0E
:10B2E000D95A6A3FEAC3CEBE52326A3FCA7BCFBE4A
:10B2F000A7096A3F8A33D0BED7E0693F2AEBD0BEA8
:10B30000E4B7693FAAA2D1BECC8E693F095AD2BE2A
:10B310009165693F4811D3BE323C693F67C8D3BECF
:10B32000AE12693F647FD4BE07E9683F4136D5BE9F
:10B330003CBF683FFDECD5BE4C95683F99A3D6BE97
:10B34000396B683F135AD7BE0341683F6B10D8BEB4
:10B35000A816683FA3C6D8BE2AEC673FB97CD9BE01
:10B3600087C1673FAD32DABEC196673F80E8DABE7B
:10B37000D86B673F319EDBBECA40673FC153DCBE1E
:10B380009915673F2E09DDBE45EA663F79BEDDBEF1
:10B39000CCBE663FA273DEBE3093663FA928DFBEF7
:10B3A0007167663F8DDDDFBE8E3B663F4F92E0BE2C
:10B3B000880F663FEE46E1BE5EE3653F6AFBE1BE95
:10B3C00010B7653FC4AFE2BEA08A653FFA63E3BE33
:10B3D0000B5E653F0E18E4BE5431653FFECBE4BE04
:10B3E0007904653FCB7FE5BE7BD7643F7533E6BE0E
:10B3F00059AA643FFBE6E6BE147D643F5D9AE7BE52
:10B40000AC4F643F9C4DE8BE2122643FB700E9BECB
:10B4100073F4633FAEB3E9BEA1C6633F8166EABE83
:10B42000AC98633F3019EBBE956A633FBBCBEBBE74
:10B430005A3C633F217EECBEFC0D633F6330EDBEA2
:10B440007BDF623F80E2EDBED7B0623F7994EEBE13
:10B450001082623F4C46EFBE2653623FFBF7EFBEC1
:10B460001A24623F85A9F0BEEAF4613FEA5AF1BEB0
:10B4700098C5613F290CF2BE2296613F43BDF2BEE2
:10B480008A66613F386EF3BED036613F071FF4BE57
:10B49000F206613FB1CFF4BEF2D6603F3580F5BE13
:10B4A000CFA6603F9330F6BE8976603FCBE0F6BE14
:10B4B0002146603FDC90F7BE9615603FC840F8BE5D
:10B4C000E9E45F3F8EF0F8BE19B45F3F2DA0F9BEEE
:10B4D00027835F3FA54FFABE12525F3FF7FEFABEC9
:10B4E000DB205F3F22AEFBBE81EF5E3F275DFCBEEF
:10B4F00005BE5E3F040CFDBE678C5E3FBBBAFDBE61
:10B50000A65A5E3F4A69FEBEC3285E3FB217FFBE21
:10B51000BEF65D3FF3C5FFBE97C45D3F063A00BF70
:10B520004D925D3FFF9000BFE15F5D3FE4E700BFEC
:10B53000532D5D3FB53E01BFA3FA5C3F739501BF3C
:10B54000D1C75C3F1CEC01BFDD945C3FB14202BF40
:10B55000C7615C3F329902BF8E2E5C3F9FEF02BFF6
:10B5600034FB5B3FF84503BFB8C75B3F3D9C03BF5F
:10B570001A945B3F6DF203BF5A605B3F894804BF7A
:10B58000792C5B3F919E04BF75F85A3F84F404BF49
:10B5900050C45A3F624A05BF09905A3F2CA005BFCC
:10B5A000A05B5A3FE2F505BF16275A3F824B06BF04
:10B5B0006AF2593F0EA106BF9CBD593F86F606BFF1
:10B5C000AD88593FE84B07BF9C53593F36A107BF91
:10B5D0006A1E593F6FF607BF17E9583F924B08BFE5
:10B5E000A1B3583FA1A008BF0B7E583F9BF508BFF1
:10B5F0005348583F7F4A09BF7912583F4E9F09BFB1
:10B600007FDC573F09F409BF63A6573FAD480ABF27
:10B610002670573F3D9D0ABFC739573FB7F10ABF54
:10B620004803573F1C460BBFA7CC563F6B9A0BBF36
:10B63000E595563FA5EE0BBF025F563FC9420CBFD2
:10B64000FE27563FD7960CBFD9F0553FD0EA0CBF26
:10B6500093B9553FB33E0DBF2C82553F81920DBF2C
:10B66000A44A553F38E60DBFFB12553FDA390EBFED
:10B6700031DB543F658D0EBF47A3543FDBE00EBF67
:10B680003B6B543F3B340FBF0F33543F84870FBF96
:10B69000C3FA533FB8DA0FBF55C2533FD52D10BF81
:10B6A000C789533FDC8010BF1851533FCDD310BF23
:10B6B0004918533FA72611BF59DF523F6B7911BF7D
:10B6C00049A6523F19CC11BF186D523FB01E12BF90
:10B6D000C633523F307112BF54FA513F9AC312BF62
:10B6E000C2C0513FEE1513BF1087513F2A6813BFE8
:10B6F0003D4D513F50BA13BF4A13513F5F0C14BF29
:10B7000037D9503F585E14BF039F503F39B014BF24
:10B71000AF64503F040215BF3B2A503FB75315BFDB
:10B72000A8EF4F3F54A515BFF4B44F3FD9F615BF4E
:10B730001F7A4F3F474816BF2B3F4F3F9F9916BF79
:10B7400017044F3FDFEA16BFE4C84E3F073C17BF60
:10B75000908D4E3F188D17BF1C524E3F12DE17BF03
:10B7600089164E3FF52E18BFD5DA4D3FC07F18BF62
:10B77000029F4D3F73D018BF10634D3F0F2119BF7B
:10B78000FD264D3F947119BFCBEA4C3F00C219BF53
:10B7900079AE4C3F55121ABF08724C3F93621ABFE4
:10B7A00078354C3FB8B21ABFC7F84B3FC6021BBF33
:10B7B000F8BB4B3FBB521BBF097F4B3F99A21BBF3E
:10B7C000FA414B3F5FF21BBFCC044B3F0C421CBF06
:10B7D0007FC74A3FA2911CBF138A4A3F1FE11CBF8B
:10B7E000874C4A3F84301DBFDC0E4A3FD17F1DBFCE
:10B7F00012D1493F06CF1DBF2993493F221E1EBFCC
:10B800002155493F266D1EBFFA16493F12BC1EBF87
:10B81000B3D8483FE50A1FBF4E9A483F9F591FBF04
:10B82000CA5B483F41A81FBF271D483FCBF61FBF3B
:10B8300065DE473F3B4520BF849F473F939320BF32
:10B840008560473FD2E120BF6721473FF92F21BFE5
:10B850002AE2463F067E21BFCEA2463FFBCB21BF58
:10B860005463463FD71922BFBB23463F996722BF87
:10B8700003E4453F43B522BF2DA4453FD30223BF78
:10B880003964453F4B5023BF2624453FA99D23BF24
:10B89000F5E3443FEEEA23BFA5A3443F1A3824BF93
:10B8A0003763443F2C8524BFAB22443F25D224BFBD
:10B8B00000E2433F041F25BF38A1433FCB6B25BFA8
:10B8C0005160433F77B825BF4C1F433F0A0526BF51
:10B8D00029DE423F845126BFE89C423FE39D26BFBC
:10B8E000895B423F2AEA26BF0B1A423F563627BFE2
:10B8F00070D8413F688227BFB796413F61CE27BFCE
:10B90000E154413F401A28BFEC12413F056628BF71
:10B91000DAD0403FB0B128BFA98E403F41FD28BFDB
:10B920005C4C403FB84829BFF009403F159429BFFF
:10B9300067C73F3F57DF29BFC0843F3F802A2ABFE8
:10B94000FC413F3F8E752ABF1BFF3E3F82C02ABF8E
:10B950001BBC3E3F5B0B2BBFFF783E3F1B562BBFF4
:10B96000C5353E3FBFA02BBF6EF23D3F4AEB2BBF1C
:10B97000F9AE3D3FB9352CBF676B3D3F0F802CBF03
:10B98000B8273D3F49CA2CBFECE33C3F69142DBFAB
:10B9900003A03C3F6F5E2DBFFC5B3C3F59A82DBF11
:10B9A000D9173C3F29F22DBF98D33B3FDE3B2EBF3A
:10B9B0003B8F3B3F78852EBFC14A3B3FF7CE2EBF22
:10B9C00029063B3F5B182FBF75C13A3FA5612FBFCA
:10B9D000A47C3A3FD3AA2FBFB7373A3FE6F32FBF35
:10B9E000ACF2393FDE3C30BF85AD393FBB8530BF5F
:10B9F0004268393F7CCE30BFE122393F221731BF48
:10BA000065DD383FAD5F31BFCB97383F1DA831BFF3
:10BA10001652383F71F031BF430C383FAA3832BF5D
:10BA200055C6373FC78032BF4A80373FC9C832BF8B
:10BA3000233A373FAF1033BFDFF3363F7A5833BF77
:10BA40007FAD363F29A033BF0467363FBCE733BF25
:10BA50006C20363F342F34BFB8D9353F8F7634BF92
:10BA6000E792353FCFBD34BFFB4B353FF30435BFC5
:10BA7000F304353FFB4B35BFCFBD343FE79235BFB5
:10BA80008F76343FB8D935BF342F343F6C2036BF62
:10BA9000BCE7333F046736BF29A0333F7FAD36BFD5
:10BAA0007A58333FDFF336BFAF10333F233A37BF07
:10BAB000C9C8323F4A8037BFC780323F55C637BFFB
:10BAC000AA38323F430C38BF71F0313F165238BFAD
:10BAD0001DA8313FCB9738BFAD5F313F65DD38BF23
:10BAE0002217313FE12239BF7CCE303F426839BF57
:10BAF000BB85303F85AD39BFDE3C303FACF239BF4E
:10BB0000E6F32F3FB7373ABFD3AA2F3FA47C3ABF03
:10BB1000A5612F3F75C13ABF5B182F3F29063BBF78
:10BB2000F7CE2E3FC14A3BBF78852E3F3B8F3BBFB0
:10BB3000DE3B2E3F98D33BBF29F22D3FD9173CBFA8
:10BB400059A82D3FFC5B3CBF6F5E2D3F03A03CBF5F
:10BB500069142D3FECE33CBF49CA2C3FB8273DBFD9
:10BB60000F802C3F676B3DBFB9352C3FF9AE3DBF11
:10BB70004AEB2B3F6EF23DBFBFA02B3FC5353EBF0A
:10BB80001B562B3FFF783EBF5B0B2B3F1BBC3EBFC2
:10BB900082C02A3F1BFF3EBF8E752A3FFC413FBF3C
:10BBA000802A2A3FC0843FBF57DF293F67C73FBF76
:10BBB0001594293FF00940BFB848293F5C4C40BF6D
:10BBC00041FD283FA98E40BFB0B1283FDAD040BF29
:10BBD0000566283FEC1241BF401A283FE15441BF9F
:10BBE00061CE273FB79641BF6882273F70D841BFDB
:10BBF0005636273F0B1A42BF2AEA263F895B42BFCF
:10BC0000E39D263FE89C42BF8451263F29DE42BF88
:10BC10000A05263F4C1F43BF77B8253F516043BFFD
:10BC2000CB6B253F38A143BF041F253F00E243BF34
:10BC300025D2243FAB2244BF2C85243F376344BF29
:10BC40001A38243FA5A344BFEEEA233FF5E344BFDF
:10BC5000A99D233F262445BF4B50233F396445BF50
:10BC6000D302233F2DA445BF43B5223F03E445BF84
:10BC70009967223FBB2346BFD719223F546346BF73
:10BC8000FBCB213FCEA246BF067E213F2AE246BF24
:10BC9000F92F213F672147BFD2E1203F856047BF91
:10BCA0009393203F849F47BF3B45203F65DE47BFBE
:10BCB000CBF61F3F271D48BF41A81F3FCA5B48BFA7
:10BCC0009F591F3F4E9A48BFE50A1F3FB3D848BF50
:10BCD00012BC1E3FFA1649BF266D1E3F215549BFB3
:10BCE000221E1E3F299349BF06CF1D3F12D149BFD7
:10BCF000D17F1D3FDC0E4ABF84301D3F874C4ABFB9
:10BD00001FE11C3F138A4ABFA2911C3F7FC74ABF55
:10BD10000C421C3FCC044BBF5FF21B3FFA414BBFB0
:10BD200099A21B3F097F4BBFBB521B3FF8BB4BBFC8
:10BD3000C6021B3FC7F84BBFB8B21A3F78354CBF9D
:10BD400093621A3F08724CBF55121A3F79AE4CBF2E
:10BD500000C2193FCBEA4CBF9471193FFD264DBF7D
:10BD60000F21193F10634DBF73D0183F029F4DBF85
:10BD7000C07F183FD5DA4DBFF52E183F89164EBF4C
:10BD800012DE173F1C524EBF188D173F908D4EBFCD
:10BD9000073C173FE4C84EBFDFEA163F17044FBF0A
:10BDA0009F99163F2B3F4FBF4748163F1F7A4FBF03
:10BDB000D9F6153FF4B44FBF54A5153FA8EF4FBFB8
:10BDC000B753153F3B2A50BF0402153FAF6450BF25
:10BDD00039B0143F039F50BF585E143F37D950BF4E
:10BDE0005F0C143F4A1351BF50BA133F3D4D51BF32
:10BDF0002A68133F108751BFEE15133FC2C051BFD1
:10BE00009AC3123F54FA51BF3071123FC63352BF2A
:10BE1000B01E123F186D52BF19CC113F49A652BF38
:10BE20006B79113F59DF52BFA726113F491853BF05
:10BE3000CDD3103F185153BFDC80103FC78953BF8B
:10BE4000D52D103F55C253BFB8DA0F3FC3FA53BFC9
:10BE500084870F3F0F3354BF3B340F3F3B6B54BFBE
:10BE6000DBE00E3F47A354BF658D0E3F31DB54BF6F
:10BE7000DA390E3FFB1255BF38E60D3FA44A55BFD5
:10BE800081920D3F2C8255BFB33E0D3F93B955BFF4
:10BE9000D0EA0C3FD9F055BFD7960C3FFE2756BFCE
:10BEA000C9420C3F025F56BFA5EE0B3FE59556BF5A
:10BEB0006B9A0B3FA7CC56BF1C460B3F480357BF9E
:10BEC000B7F10A3FC73957BF3D9D0A3F267057BF9C
:10BED000AD480A3F63A657BF09F4093F7FDC57BF4F
:10BEE0004E9F093F791258BF7F4A093F534858BFB8
:10BEF0009BF5083F0B7E58BFA1A0083FA1B358BFD8
:10BF0000924B083F17E958BF6FF6073F6A1E59BFAB
:10BF100036A1073F9C5359BFE84B073FAD8859BF37
:10BF200086F6063F9CBD59BF0EA1063F6AF259BF77
:10BF3000824B063F16275ABFE2F5053FA05B5ABF6A
:10BF40002CA0053F09905ABF624A053F50C45ABF12
:10BF500084F4043F75F85ABF919E043F792C5BBF6F
:10BF60008948043F5A605BBF6DF2033F1A945BBF80
:10BF70003D9C033FB8C75BBFF845033F34FB5BBF45
:10BF80009FEF023F8E2E5CBF3299023FC7615CBFBC
:10BF9000B142023FDD945CBF1CEC013FD1C75CBFE6
:10BFA0007395013FA3FA5CBFB53E013F532D5DBFC2
:10BFB000E4E7003FE15F5DBFFF90003F4D925DBF52
:10BFC000063A003F97C45DBFF3C5FF3EBEF65DBFB6
:10BFD000B217FF3EC3285EBF4A69FE3EA65A5EBF47
:10BFE000BBBAFD3E678C5EBF040CFD3E05BE5EBF66
:10BFF000275DFC3E81EF5EBF22AEFB3EDB205FBFD4
:10C00000F7FEFA3E12525FBFA54FFA3E27835FBF8D
:10C010002DA0F93E19B45FBF8EF0F83EE9E45FBF92
:10C02000C840F83E961560BFDC90F73E214660BFE1
:10C03000CBE0F63E897660BF9330F63ECFA660BF78
:10C040003580F53EF2D660BFB1CFF43EF20661BF57
:10C05000071FF43ED03661BF386EF33E8A6661BF7B
:10C0600043BDF23E229661BF290CF23E98C561BFE6
:10C07000EA5AF13EEAF461BF85A9F03E1A2462BF94
:10C08000FBF7EF3E265362BF4C46EF3E108262BF85
:10C090007994EE3ED7B062BF80E2ED3E7BDF62BFB7
:10C0A0006330ED3EFC0D63BF217EEC3E5A3C63BF26
:10C0B000BBCBEB3E956A63BF3019EB3EAC9863BFD8
:10C0C0008166EA3EA1C663BFAEB3E93E73F463BFC7
:10C0D000B700E93E212264BF9C4DE83EAC4F64BFEF
:10C0E0005D9AE73E147D64BFFBE6E63E59AA64BF55
:10C0F0007533E63E7BD764BFCB7FE53E790465BFF1
:10C10000FECBE43E543165BF0E18E43E0B5E65BFC6
:10C11000FA63E33EA08A65BFC4AFE23E10B765BFD5
:10C120006AFBE13E5EE365BFEE46E13E880F66BF17
:10C130004F92E03E8E3B66BF8DDDDF3E716766BF8E
:10C14000A928DF3E309366BFA273DE3ECCBE66BF39
:10C1500079BEDD3E45EA66BF2E09DD3E991567BF13
:10C16000C153DC3ECA4067BF319EDB3ED86B67BF20
:10C1700080E8DA3EC19667BFAD32DA3E87C167BF5D
:10C18000B97CD93E2AEC67BFA3C6D83EA81668BFC3
:10C190006B10D83E034168BF135AD73E396B68BF56
:10C1A00099A3D63E4C9568BFFDECD53E3CBF68BF19
:10C1B0004136D53E07E968BF647FD43EAE1269BF01
:10C1C00067C8D33E323C69BF4811D33E916569BF11
:10C1D000095AD23ECC8E69BFAAA2D13EE4B769BF4C
:10C1E0002AEBD03ED7E069BF8A33D03EA7096ABFA9
:10C1F000CA7BCF3E52326ABFEAC3CE3ED95A6ABF2B
:10C20000EA0BCE3E3C836ABFCA53CD3E7BAB6ABFCE
:10C210008B9BCC3E95D36ABF2CE3CB3E8CFB6ABF95
:10C22000AE2ACB3E5E236BBF1072CA3E0C4B6BBF77
:10C2300053B9C93E95726BBF7700C93EFB996BBF7E
:10C240007C47C83E3BC16BBF628EC73E58E86BBFA0
:10C2500029D5C63E500F6CBFD21BC63E24366CBFDC
:10C260005C62C53ED45C6CBFC8A8C43E5E836CBF34
:10C2700015EFC33EC5A96CBF4435C33E07D06CBFA4
:10C28000557BC23E24F66CBF48C1C13E1D1C6DBF2C
:10C290001E07C13EF2416DBFD54CC03EA1676DBFC8
:10C2A0006F92BF3E2D8D6DBFEBD7BE3E93B26DBF7B
:10C2B0004A1DBE3ED5D76DBF8B62BD3EF2FC6DBF41
:10C2C000AFA7BC3EEB216EBFB6ECBB3EBE466EBF19
:10C2D000A031BB3E6D6B6EBF6E76BA3EF88F6EBFFF
:10C2E0001EBBB93E5DB46EBFB2FFB83E9ED86EBFF6
:10C2F0002A44B83EBAFC6EBF8488B73EB0206FBFF8
:10C30000C3CCB63E83446FBFE610B63E30686FBF05
:10C31000EC54B53EB88B6FBFD698B43E1BAF6FBF21
:10C32000A5DCB33E5AD26FBF5820B33E73F56FBF42
:10C33000EF63B23E671870BF6BA7B13E373B70BF6B
:10C34000CBEAB03EE15D70BF102EB03E668070BF9C
:10C350003A71AF3EC6A270BF49B4AE3E02C570BFCF
:10C360003CF7AD3E17E770BF153AAD3E080971BF07
:10C37000D47CAC3ED42A71BF77BFAB3E7A4C71BF40
:10C380000102AB3EFB6D71BF6F44AA3E578F71BF78
:10C39000C486A93E8EB071BFFEC8A83E9FD171BFB2
:10C3A0001F0BA83E8CF271BF254DA73E521372BFE2
:10C3B000128FA63EF43372BFE5D0A53E705472BF13
:10C3C0009F12A53EC77472BF3F54A43EF89472BF3B
:10C3D000C595A33E04B572BF33D7A23EEBD472BF5E
:10C3E0008718A23EACF472BFC259A13E471473BF76
:10C3F000E59AA03EBE3373BFEEDB9F3E0E5373BF84
:10C40000DF1C9F3E397273BFB85D9E3E3F9173BF84
:10C41000789E9D3E1FB073BF20DF9C3ED9CE73BF78
:10C42000AF1F9C3E6EED73BF27609B3EDD0B74BF5C
:10C4300086A09A3E272A74BFCEE0993E4B4874BF2F
:10C44000FE20993E496674BF1661983E228474BFEF
:10C4500017A1973ED5A174BF00E1963E62BF74BF9D
:10C46000D220963EC9DC74BF8D60953E0BFA74BF36
:10C4700031A0943E271775BFBFDF933E1D3475BFB3
:10C48000351F933EED5075BF945E923E976D75BF1C
:10C49000DD9D913E1C8A75BF10DD903E7BA675BF69
:10C4A0002C1C903EB3C275BF325B8F3EC6DE75BF9B
:10C4B000229A8E3EB3FA75BFFCD88D3E7A1676BFAF
:10C4C000C0178D3E1B3276BF6E568C3E974D76BFA1
:10C4D00007958B3EEC6876BF8AD38A3E1B8476BF75
:10C4E000F8118A3E249F76BF5050893E07BA76BF26
:10C4F000938E883EC4D476BFC1CC873E5BEF76BFB7
:10C50000DA0A873ECC0977BFDF48863E172477BF1B
:10C51000CE86853E3C3E77BFAAC4843E3A5877BF5C
:10C520007002843E137277BF2240833EC58B77BF73
:10C53000C07D823E51A577BF4ABB813EB7BE77BF63
:10C54000C0F8803EF7D777BF2236803E10F177BF24
:10C55000E1E67E3E040A78BF56617D3ED12278BF77
:10C56000A4DB7B3E773B78BFCB557A3EF85378BF50
:10C57000CCCF783E526C78BFA649773E868478BF90
:10C580005AC3753E939C78BFE83C743E7BB478BF39
:10C5900051B6723E3BCC78BF942F713ED6E378BF44
:10C5A000B2A86F3E4AFB78BFAB216E3E981279BFAE
:10C5B0007F9A6C3EBF2979BF2F136B3EC04079BF75
:10C5C000BA8B693E9A5779BF2204683E4E6E79BF96
:10C5D000667C663EDC8479BF86F4643E439B79BF0B
:10C5E000836C633E83B179BF5CE4613E9DC779BFD4
:10C5F000135C603E91DD79BFA8D35E3E5EF379BFE8
:10C600001A4B5D3E04097ABF6AC25B3E841E7ABF44
:10C6100097395A3EDD337ABFA4B0583E10497ABFED
:10C620008F27573E1C5E7ABF589E553E02737ABFD5
:10C630000115543EC1877ABF898B523E599C7ABFFF
:10C64000F101513ECBB07ABF38784F3E16C57ABF64
:10C6500060EE4D3E3AD97ABF67644C3E37ED7ABF03
:10C660004FDA4A3E0E017BBF1850493EBE147BBFD5
:10C67000C2C5473E48287BBF4D3B463EAB3B7BBFD8
:10C68000B9B0443EE74E7BBF0726433EFC617BBF0B
:10C69000379B413EEA747BBF4910403EB2877BBF67
:10C6A0003E853E3E539A7BBF15FA3C3ECDAC7BBFE8
:10C6B000CF6E3B3E20BF7BBF6CE3393E4DD17BBF8D
:10C6C000EC57383E53E37BBF50CC363E31F57BBF51
:10C6D0009840353EE9067CBFC4B4333E7A187CBF2F
:10C6E000D428323EE5297CBFC99C303E283B7CBF24
:10C6F000A2102F3E444C7CBF61842D3E3A5D7CBF2E
:10C7000004F82B3E086E7CBF8D6B2A3EB07E7CBF4A
:10C71000FCDE283E318F7CBF5152273E8A9F7CBF72
:10C720008CC5253EBDAF7CBFAD38243EC9BF7CBFA4
:10C73000B6AB223EAECF7CBFA51E213E6CDF7CBFD8
:10C740007B911F3E03EF7CBF38041E3E73FE7CBF0F
:10C75000DE761C3EBC0D7DBF6BE91A3EDD1C7DBF45
:10C76000E05B193ED82B7DBF3DCE173EAC3A7DBF76
:10C770008340163E59497DBFB2B2143EDE577DBF9D
:10C78000CA24133E3D667DBFCC96113E74747DBFB6
:10C79000B708103E85827DBF8B7A0E3E6E907DBFBE
:10C7A0004AEC0C3E309E7DBFF35D0B3ECCAB7DBFB3
:10C7B00086CF093E40B97DBF0541083E8CC67DBF8E
:10C7C0006EB2063EB2D37DBFC223053EB1E07DBF4F
:10C7D0000295033E88ED7DBF2E06023E38FA7DBFEE
:10C7E0004577003EC2067EBF92D0FD3D24137EBF3A
:10C7F00073B2FA3D5E1F7EBF2C94F73D722B7EBF55
:10C80000C075F43D5E377EBF2E57F13D23437EBF9A
:10C810007638EE3DC14E7EBF9A19EB3D385A7EBF49
:10C820009AFAE73D88657EBF76DBE43DB0707EBF57
:10C830002EBCE13DB17B7EBFC49CDE3D8B867EBFBE
:10C84000377DDB3D3D917EBF895DD83DC99B7EBF75
:10C85000B93DD53D2DA67EBFC81DD23D69B07EBF76
:10C86000B7FDCE3D7FBA7EBF86DDCB3D6DC47EBFBA
:10C8700036BDC83D34CE7EBFC69CC53DD4D77EBF35
:10C88000397CC23D4CE17EBF8D5BBF3D9DEA7EBFE2
:10C89000C33ABC3DC7F37EBFDD19B93DC9FC7EBFBD
:10C8A000DAF8B53DA4057FBFBBD7B23D580E7FBFB8
:10C8B00080B6AF3DE4167FBF2B95AC3D491F7FBFCF
:10C8C000BA73A93D87277FBF3052A63D9D2F7FBFFA
:10C8D0008C30A33D8D377FBFCF0EA03D543F7FBF2F
:10C8E000F9EC9C3DF4467FBF0ACB993D6D4E7FBF6E
:10C8F00005A9963DBF557FBFE786933DE95C7FBFA5
:10C90000B464903DEC637FBF6A428D3DC76A7FBFD0
:10C910000A208A3D7B717FBF94FD863D08787FBFEA
:10C920000ADB833D6D7E7FBF6CB8803DAB847FBFEB
:10C93000742B7B3DC28A7FBFE9E5743DB1907FBF18
:10C9400038A06E3D78967FBF625A683D189C7FBFC5
:10C950006814623D91A17FBF4CCE5B3DE3A67FBFD3
:10C960000E88553D0DAC7FBFAF414F3D0FB17FBF2E
:10C970002FFB483DEAB57FBF91B4423D9EBA7FBFD1
:10C98000D56D3C3D2ABF7FBFFC26363D8FC37FBFA0
:10C9900007E02F3DCCC77FBFF698293DE2CB7FBF94
:10C9A000CC51233DD1CF7FBF880A1D3D98D37FBF97
:10C9B0002CC3163D37D77FBFB87B103DAFDA7FBFA2
:10C9C0002F340A3D00DE7FBF90EC033D29E17FBF9D
:10C9D000B949FB3C2BE47FBF2DBAEE3C05E77FBF96
:10C9E0007B2AE23CB8E97FBFA69AD53C43EC7FBFE7
:10C9F000B00AC93CA7EE7FBF9B7ABC3CE3F07FBF87
:10CA000069EAAF3CF8F27FBF1C5AA33CE6F47FBF53
:10CA1000B6C9963CACF67FBF38398A3C4AF87FBF2E
:10CA20004B517B3CC1F97FBF0030623C11FB7FBFA3
:10CA3000900E493C39FC7FBF02ED2F3C39FD7FBF92
:10CA400059CB163C13FE7FBF3053FB3BC4FE7FBF68
:10CA5000890FC93B4EFF7FBFC1CB963BB1FF7FBF64
:10CA6000C70F493BECFF7FBFD40FC93A000080BF1E
:10CA700000000000ECFF7FBFD40FC9BAB1FF7FBF39
:10CA8000C70F49BB4EFF7FBFC1CB96BBC4FE7FBF64
:10CA9000890FC9BB13FE7FBF3053FBBB39FD7FBF7E
:10CAA00059CB16BC39FC7FBF02ED2FBC11FB7FBFF9
:10CAB000900E49BCC1F97FBF003062BC4AF87FBF0D
:10CAC0004B517BBCACF67FBF38398ABCE6F47FBFE4
:10CAD000B6C996BCF8F27FBF1C5AA3BCE3F07FBF77
:10CAE00069EAAFBCA7EE7FBF9B7ABCBC43EC7FBFBB
:10CAF000B00AC9BCB8E97FBFA69AD5BC05E77FBF1D
:10CB00007B2AE2BC2BE47FBF2DBAEEBC29E17FBFBC
:10CB1000B949FBBC00DE7FBF90EC03BDAFDA7FBF3D
:10CB20002F340ABD37D77FBFB87B10BD98D37FBFE6
:10CB30002CC316BDD1CF7FBF880A1DBDE2CB7FBFFE
:10CB4000CC5123BDCCC77FBFF69829BD8FC37FBF13
:10CB500007E02FBD2ABF7FBFFC2636BD9EBA7FBF30
:10CB6000D56D3CBDEAB57FBF91B442BD0FB17FBF6B
:10CB70002FFB48BD0DAC7FBFAF414FBDE3A67FBFCC
:10CB80000E8855BD91A17FBF4CCE5BBD189C7FBF69
:10CB9000681462BD78967FBF625A68BDB1907FBF4E
:10CBA00038A06EBDC28A7FBFE9E574BDAB847FBF8C
:10CBB000742B7BBD6D7E7FBF6CB880BD08787FBF56
:10CBC0000ADB83BD7B717FBF94FD86BDC76A7FBFD3
:10CBD0000A208ABDEC637FBF6A428DBDE95C7FBFDE
:10CBE000B46490BDBF557FBFE78693BD6D4E7FBFD8
:10CBF00005A996BDF4467FBF0ACB99BD543F7FBFC0
:10CC0000F9EC9CBD8D377FBFCF0EA0BD9D2F7FBFA0
:10CC10008C30A3BD87277FBF3052A6BD491F7FBF81
:10CC2000BA73A9BDE4167FBF2B95ACBD580E7FBF6C
:10CC300080B6AFBDA4057FBFBBD7B2BDC9FC7EBF68
:10CC4000DAF8B5BDC7F37EBFDD19B9BD9DEA7EBF79
:10CC5000C33ABCBD4CE17EBF8D5BBFBDD4D77EBFA8
:10CC6000397CC2BD34CE7EBFC69CC5BD6DC47EBFFF
:10CC700036BDC8BD7FBA7EBF86DDCBBD69B07EBF85
:10CC8000B7FDCEBD2DA67EBFC81DD2BDC99B7EBF40
:10CC9000B93DD5BD3D917EBF895DD8BD8B867EBF38
:10CCA000377DDBBDB17B7EBFC49CDEBDB0707EBF77
:10CCB0002EBCE1BD88657EBF76DBE4BD385A7EBF01
:10CCC0009AFAE7BDC14E7EBF9A19EBBD23437EBFE2
:10CCD0007638EEBD5E377EBF2E57F1BD722B7EBF1C
:10CCE000C075F4BD5E1F7EBF2C94F7BD24137EBFBC
:10CCF00073B2FABDC2067EBF92D0FDBD38FA7DBFC9
:10CD0000457700BE88ED7DBF2E0602BEB1E07DBF37
:10CD1000029503BEB2D37DBFC22305BE8CC67DBFC4
:10CD20006EB206BE40B97DBF054108BECCAB7DBF2B
:10CD300086CF09BE309E7DBFF35D0BBE6E907DBF7A
:10CD40004AEC0CBE85827DBF8B7A0EBE74747DBFAB
:10CD5000B70810BE3D667DBFCC9611BEDE577DBFC5
:10CD6000CA2413BE59497DBFB2B214BEAC3A7DBFCE
:10CD7000834016BED82B7DBF3DCE17BEDD1C7DBFC8
:10CD8000E05B19BEBC0D7DBF6BE91ABE73FE7CBFB4
:10CD9000DE761CBE03EF7CBF38041EBE6CDF7CBF9A
:10CDA0007B911FBEAECF7CBFA51E21BEC9BF7CBF7D
:10CDB000B6AB22BEBDAF7CBFAD3824BE8A9F7CBF60
:10CDC0008CC525BE318F7CBF515227BEB07E7CBF43
:10CDD000FCDE28BE086E7CBF8D6B2ABE3A5D7CBF30
:10CDE00004F82BBE444C7CBF61842DBE283B7CBF25
:10CDF000A2102FBEE5297CBFC99C30BE7A187CBF2B
:10CE0000D42832BEE9067CBFC4B433BE31F57BBF43
:10CE1000984035BE53E37BBF50CC36BE4DD17BBF6F
:10CE2000EC5738BE20BF7BBF6CE339BECDAC7BBFB7
:10CE3000CF6E3BBE539A7BBF15FA3CBEB2877BBF19
:10CE40003E853EBEEA747BBF491040BEFC617BBF9D
:10CE5000379B41BEE74E7BBF072643BEAB3B7BBF44
:10CE6000B9B044BE48287BBF4D3B46BEBE147BBF15
:10CE7000C2C547BE0E017BBF185049BE37ED7ABF11
:10CE80004FDA4ABE3AD97ABF67644CBE16C57ABF3C
:10CE900060EE4DBECBB07ABF38784FBE599C7ABF9A
:10CEA000F10151BEC1877ABF898B52BE02737ABF2E
:10CEB000011554BE1C5E7ABF589E55BE10497ABFFC
:10CEC0008F2757BEDD337ABFA4B058BE841E7ABF09
:10CED00097395ABE04097ABF6AC25BBE5EF379BF56
:10CEE0001A4B5DBE91DD79BFA8D35EBE9DC779BFE9
:10CEF000135C60BE83B179BF5CE461BE439B79BFC4
:10CF0000836C63BEDC8479BF86F464BE4E6E79BFE9
:10CF1000667C66BE9A5779BF220468BEC04079BF5E
:10CF2000BA8B69BEBF2979BF2F136BBE981279BF28
:10CF30007F9A6CBE4AFB78BFAB216EBED6E378BF4A
:10CF4000B2A86FBE3BCC78BF942F71BE7BB478BFC4
:10CF500051B672BE939C78BFE83C74BE868478BF9D
:10CF60005AC375BE526C78BFA64977BEF85378BFD6
:10CF7000CCCF78BE773B78BFCB557ABED12278BF75
:10CF8000A4DB7BBE040A78BF56617DBE10F177BF7B
:10CF9000E1E67EBEF7D777BF223680BEB7BE77BF49
:10CFA000C0F880BE51A577BF4ABB81BEC58B77BF95
:10CFB000C07D82BE137277BF224083BE3A5877BFCE
:10CFC000700284BE3C3E77BFAAC484BE172477BFDC
:10CFD000CE8685BECC0977BFDF4886BE5BEF76BFC5
:10CFE000DA0A87BEC4D476BFC1CC87BE07BA76BF83
:10CFF000938E88BE249F76BF505089BE1B8476BF17
:10D00000F8118ABEEC6876BF8AD38ABE974D76BF88
:10D0100007958BBE1B3276BF6E568CBE7A1676BFD6
:10D02000C0178DBEB3FA75BFFCD88DBEC6DE75BF06
:10D03000229A8EBEB3C275BF325B8FBE7BA675BF10
:10D040002C1C90BE1C8A75BF10DD90BE976D75BFFD
:10D05000DD9D91BEED5075BF945E92BE1D3475BFCF
:10D06000351F93BE271775BFBFDF93BE0BFA74BF82
:10D0700031A094BEC9DC74BF8D6095BE62BF74BF21
:10D08000D22096BED5A174BF00E196BE228474BFA3
:10D0900017A197BE496674BF166198BE4B4874BF0E
:10D0A000FE2099BE272A74BFCEE099BEDD0B74BF67
:10D0B00086A09ABE6EED73BF27609BBED9CE73BFAC
:10D0C000AF1F9CBE1FB073BF20DF9CBE3F9173BFDC
:10D0D000789E9DBE397273BFB85D9EBE0E5373BFFE
:10D0E000DF1C9FBEBE3373BFEEDB9FBE471473BF12
:10D0F000E59AA0BEACF472BFC259A1BEEBD472BF18
:10D100008718A2BE04B572BF33D7A2BEF89472BF0F
:10D11000C595A3BEC77472BF3F54A4BE705472BFFE
:10D120009F12A5BEF43372BFE5D0A5BE521372BFE5
:10D13000128FA6BE8CF271BF254DA7BE9FD171BFC5
:10D140001F0BA8BE8EB071BFFEC8A8BE578F71BF9F
:10D15000C486A9BEFB6D71BF6F44AABE7A4C71BF75
:10D160000102ABBED42A71BF77BFABBE080971BF45
:10D17000D47CACBE17E770BF153AADBE02C570BF18
:10D180003CF7ADBEC6A270BF49B4AEBE668070BFEC
:10D190003A71AFBEE15D70BF102EB0BE373B70BFBD
:10D1A000CBEAB0BE671870BF6BA7B1BE73F56FBF97
:10D1B000EF63B2BE5AD26FBF5820B3BE1BAF6FBF72
:10D1C000A5DCB3BEB88B6FBFD698B4BE30686FBF56
:10D1D000EC54B5BE83446FBFE610B6BEB0206FBF3F
:10D1E000C3CCB6BEBAFC6EBF8488B7BE9ED86EBF35
:10D1F0002A44B8BE5DB46EBFB2FFB8BEF88F6EBF32
:10D200001EBBB9BE6D6B6EBF6E76BABEBE466EBF3C
:10D21000A031BBBEEB216EBFB6ECBBBEF2FC6DBF56
:10D22000AFA7BCBED5D76DBF8B62BDBE93B26DBF7D
:10D230004A1DBEBE2D8D6DBFEBD7BEBEA1676DBFB3
:10D240006F92BFBEF2416DBFD54CC0BE1D1C6DBFFD
:10D250001E07C1BE24F66CBF48C1C1BE07D06CBF5B
:10D26000557BC2BEC5A96CBF4435C3BE5E836CBFCF
:10D2700015EFC3BED45C6CBFC8A8C4BE24366CBF57
:10D280005C62C5BE500F6CBFD21BC6BE58E86BBFF8
:10D2900029D5C6BE3BC16BBF628EC7BEFB996BBFB3
:10D2A0007C47C8BE95726BBF7700C9BE0C4B6BBF85
:10D2B00053B9C9BE5E236BBF1072CABE8CFB6ABF76
:10D2C000AE2ACBBE95D36ABF2CE3CBBE7BAB6ABF85
:10D2D0008B9BCCBE3C836ABFCA53CDBED95A6ABFB2
:10D2E000EA0BCEBE52326ABFEAC3CEBEA7096ABFFE
:10D2F000CA7BCFBED7E069BF8A33D0BEE4B769BF6F
:10D300002AEBD0BECC8E69BFAAA2D1BE916569BFFF
:10D31000095AD2BE323C69BF4811D3BEAE1269BFB2
:10D3200067C8D3BE07E968BF647FD4BE3CBF68BF8F
:10D330004136D5BE4C9568BFFDECD5BE396B68BF94
:10D3400099A3D6BE034168BF135AD7BEA81668BFBB
:10D350006B10D8BE2AEC67BFA3C6D8BE87C167BF13
:10D36000B97CD9BEC19667BFAD32DABED86B67BF94
:10D3700080E8DABECA4067BF319EDBBE991567BF41
:10D38000C153DCBE45EA66BF2E09DDBECCBE66BF1A
:10D3900079BEDDBE309366BFA273DEBE716766BF25
:10D3A000A928DFBE8E3B66BF8DDDDFBE880F66BF5E
:10D3B0004F92E0BE5EE365BFEE46E1BE10B765BFCB
:10D3C0006AFBE1BEA08A65BFC4AFE2BE0B5E65BF6B
:10D3D000FA63E3BE543165BF0E18E4BE790465BF3D
:10D3E000FECBE4BE7BD764BFCB7FE5BE59AA64BF4A
:10D3F0007533E6BE147D64BFFBE6E6BEAC4F64BF8A
:10D400005D9AE7BE212264BF9C4DE8BE73F463BF02
:10D41000B700E9BEA1C663BFAEB3E9BEAC9863BFB7
:10D420008166EABE956A63BF3019EBBE5A3C63BFA2
:10D43000BBCBEBBEFC0D63BF217EECBE7BDF62BFCE
:10D440006330EDBED7B062BF80E2EDBE108262BF36
:10D450007994EEBE265362BF4C46EFBE1A2462BFDB
:10D46000FBF7EFBEEAF461BF85A9F0BE98C561BFC6
:10D47000EA5AF1BE229661BF290CF2BE8A6661BFEC
:10D4800043BDF2BED03661BF386EF3BEF20661BF57
:10D49000071FF4BEF2D660BFB1CFF4BECFA660BF07
:10D4A0003580F5BE897660BF9330F6BE214660BFF9
:10D4B000CBE0F6BE961560BFDC90F7BEE9E45FBF37
:10D4C000C840F8BE19B45FBF8EF0F8BE27835FBFB7
:10D4D0002DA0F9BE12525FBFA54FFABEDB205FBF81
:10D4E000F7FEFABE81EF5EBF22AEFBBE05BE5EBF99
:10D4F000275DFCBE678C5EBF040CFDBEA65A5EBFF6
:10D50000BBBAFDBEC3285EBF4A69FEBEBEF65DBFA4
:10D51000B217FFBE97C45DBFF3C5FFBE4D925DBF9E
:10D52000063A00BFE15F5DBFFF9000BF532D5DBFB6
:10D53000E4E700BFA3FA5CBFB53E01BFD1C75CBF43
:10D54000739501BFDD945CBF1CEC01BFC7615CBF7C
:10D55000B14202BF8E2E5CBF329902BF34FB5BBF6B
:10D560009FEF02BFB8C75BBFF84503BF1A945BBF0C
:10D570003D9C03BF5A605BBF6DF203BF792C5BBF5C
:10D58000894804BF75F85ABF919E04BF50C45ABF62
:10D5900084F404BF09905ABF624A05BFA05B5ABF1A
:10D5A0002CA005BF16275ABFE2F505BF6AF259BF86
:10D5B000824B06BF9CBD59BF0EA106BFAD8859BFA7
:10D5C00086F606BF9C5359BFE84B07BF6A1E59BF7A
:10D5D00036A107BF17E958BF6FF607BFA1B358BF01
:10D5E000924B08BF0B7E58BFA1A008BF534858BF3D
:10D5F0009BF508BF791258BF7F4A09BF7FDC57BF30
:10D600004E9F09BF63A657BF09F409BF267057BFD5
:10D61000AD480ABFC73957BF3D9D0ABF480357BF32
:10D62000B7F10ABFA7CC56BF1C460BBFE59556BF46
:10D630006B9A0BBF025F56BFA5EE0BBFFE2756BF0E
:10D64000C9420CBFD9F055BFD7960CBF93B955BF8F
:10D65000D0EA0CBF2C8255BFB33E0DBFA44A55BFC4
:10D6600081920DBFFB1255BF38E60DBF31DB54BFB1
:10D67000DA390EBF47A354BF658D0EBF3B6B54BF55
:10D68000DBE00EBF0F3354BF3B340FBFC3FA53BFB1
:10D6900084870FBF55C253BFB8DA0FBFC78953BFC6
:10D6A000D52D10BF185153BFDC8010BF491853BF90
:10D6B000CDD310BF59DF52BFA72611BF49A652BF15
:10D6C0006B7911BF186D52BF19CC11BFC63352BF51
:10D6D000B01E12BF54FA51BF307112BFC2C051BF49
:10D6E0009AC312BF108751BFEE1513BF3D4D51BFF6
:10D6F0002A6813BF4A1351BF50BA13BF37D950BF5E
:10D700005F0C14BF039F50BF585E14BFAF6450BF7F
:10D7100039B014BF3B2A50BF040215BFA8EF4FBF5A
:10D72000B75315BFF4B44FBF54A515BF1F7A4FBFF1
:10D73000D9F615BF2B3F4FBF474816BF17044FBF41
:10D740009F9916BFE4C84EBFDFEA16BF908D4EBF4B
:10D75000073C17BF1C524EBF188D17BF89164EBF0E
:10D7600012DE17BFD5DA4DBFF52E18BF029F4DBF91
:10D77000C07F18BF10634DBF73D018BFFD264DBFCB
:10D780000F2119BFCBEA4CBF947119BF79AE4CBFC2
:10D7900000C219BF08724CBF55121ABF78354CBF72
:10D7A00093621ABFC7F84BBFB8B21ABFF8BB4BBFE2
:10D7B000C6021BBF097F4BBFBB521BBFFA414BBF09
:10D7C00099A21BBFCC044BBF5FF21BBF7FC74ABFF0
:10D7D0000C421CBF138A4ABFA2911CBF874C4ABF90
:10D7E0001FE11CBFDC0E4ABF84301DBF12D149BFF0
:10D7F000D17F1DBF299349BF06CF1DBF215549BF0A
:10D80000221E1EBFFA1649BF266D1EBFB3D848BFE1
:10D8100012BC1EBF4E9A48BFE50A1FBFCA5B48BF75
:10D820009F591FBF271D48BF41A81FBF65DE47BFC7
:10D83000CBF61FBF849F47BF3B4520BF856047BFD6
:10D84000939320BF672147BFD2E120BF2AE246BFA2
:10D85000F92F21BFCEA246BF067E21BF546346BF2B
:10D86000FBCB21BFBB2346BFD71922BF03E445BF73
:10D87000996722BF2DA445BF43B522BF396445BF78
:10D88000D30223BF262445BF4B5023BFF5E344BF3B
:10D89000A99D23BFA5A344BFEEEA23BF376344BFBE
:10D8A0001A3824BFAB2244BF2C8524BF00E243BFFB
:10D8B00025D224BF38A143BF041F25BF516043BFF9
:10D8C000CB6B25BF4C1F43BF77B825BF29DE42BFB6
:10D8D0000A0526BFE89C42BF845126BF895B42BF30
:10D8E000E39D26BF0B1A42BF2AEA26BF70D841BF6C
:10D8F000563627BFB79641BF688227BFE15441BF64
:10D9000061CE27BFEC1241BF401A28BFDAD040BF1A
:10D91000056628BFA98E40BFB0B128BF5C4C40BF90
:10D9200041FD28BFF00940BFB84829BF67C73FBFC6
:10D93000159429BFC0843FBF57DF29BFFC413FBFBB
:10D94000802A2ABF1BFF3EBF8E752ABF1BBC3EBF6D
:10D9500082C02ABFFF783EBF5B0B2BBFC5353EBFE1
:10D960001B562BBF6EF23DBFBFA02BBFF9AE3DBF14
:10D970004AEB2BBF676B3DBFB9352CBFB8273DBF06
:10D980000F802CBFECE33CBF49CA2CBF03A03CBFB7
:10D9900069142DBFFC5B3CBF6F5E2DBFD9173CBF28
:10D9A00059A82DBF98D33BBF29F22DBF3B8F3BBF5A
:10D9B000DE3B2EBFC14A3BBF78852EBF29063BBF49
:10D9C000F7CE2EBF75C13ABF5B182FBFA47C3ABFFC
:10D9D000A5612FBFB7373ABFD3AA2FBFACF239BF6B
:10D9E000E6F32FBF85AD39BFDE3C30BF426839BF9B
:10D9F000BB8530BFE12239BF7CCE30BF65DD38BF8B
:10DA0000221731BFCB9738BFAD5F31BF165238BF39
:10DA10001DA831BF430C38BF71F031BF55C637BFA9
:10DA2000AA3832BF4A8037BFC78032BF233A37BFD8
:10DA3000C9C832BFDFF336BFAF1033BF7FAD36BFCB
:10DA40007A5833BF046736BF29A033BF6C2036BF76
:10DA5000BCE733BFB8D935BF342F34BFE79235BFE9
:10DA60008F7634BFFB4B35BFCFBD34BFF30435BF1A
:10DA7000F30435BFCFBD34BFFB4B35BF8F7634BF0A
:10DA8000E79235BF342F34BFB8D935BFBCE733BFB9
:10DA90006C2036BF29A033BF046736BF7A5833BF26
:10DAA0007FAD36BFAF1033BFDFF336BFC9C832BF5B
:10DAB000233A37BFC78032BF4A8037BFAA3832BF48
:10DAC00055C637BF71F031BF430C38BF1DA831BFF9
:10DAD000165238BFAD5F31BFCB9738BF221731BF69
:10DAE00065DD38BF7CCE30BFE12239BFBB8530BF9A
:10DAF000426839BFDE3C30BF85AD39BFE6F32FBF8A
:10DB0000ACF239BFD3AA2FBFB7373ABFA5612FBF39
:10DB1000A47C3ABF5B182FBF75C13ABFF7CE2EBFAA
:10DB200029063BBF78852EBFC14A3BBFDE3B2EBFD7
:10DB30003B8F3BBF29F22DBF98D33BBF59A82DBFC8
:10DB4000D9173CBF6F5E2DBFFC5B3CBF69142DBF76
:10DB500003A03CBF49CA2CBFECE33CBF0F802CBFE5
:10DB6000B8273DBFB9352CBF676B3DBF4AEB2BBF14
:10DB7000F9AE3DBFBFA02BBF6EF23DBF1B562BBF02
:10DB8000C5353EBF5B0B2BBFFF783EBF82C02ABFAF
:10DB90001BBC3EBF8E752ABF1BFF3EBF802A2ABF1B
:10DBA000FC413FBF57DF29BFC0843FBF159429BF49
:10DBB00067C73FBFB84829BFF00940BF41FD28BF34
:10DBC0005C4C40BFB0B128BFA98E40BF056628BFDE
:10DBD000DAD040BF401A28BFEC1241BF61CE27BF48
:10DBE000E15441BF688227BFB79641BF563627BF71
:10DBF00070D841BF2AEA26BF0B1A42BFE39D26BF59
:10DC0000895B42BF845126BFE89C42BF0A0526BFFC
:10DC100029DE42BF77B825BF4C1F43BFCB6B25BF62
:10DC2000516043BF041F25BF38A143BF25D224BF85
:10DC300000E243BF2C8524BFAB2244BF1A3824BF67
:10DC4000376344BFEEEA23BFA5A344BFA99D23BF0A
:10DC5000F5E344BF4B5023BF262445BFD30223BF67
:10DC6000396445BF43B522BF2DA445BF996722BF84
:10DC700003E445BFD71922BFBB2346BFFBCB21BF5F
:10DC8000546346BF067E21BFCEA246BFF92F21BFF7
:10DC90002AE246BFD2E120BF672147BF939320BF4E
:10DCA000856047BF3B4520BF849F47BFCBF61FBF62
:10DCB00065DE47BF41A81FBF271D48BF9F591FBF33
:10DCC000CA5B48BFE50A1FBF4E9A48BF12BC1EBFC1
:10DCD000B3D848BF266D1EBFFA1649BF221E1EBF0D
:10DCE000215549BF06CF1DBF299349BFD17F1DBF15
:10DCF00012D149BF84301DBFDC0E4ABF1FE11CBFDB
:10DD0000874C4ABFA2911CBF138A4ABF0C421CBF5A
:10DD10007FC74ABF5FF21BBFCC044BBF99A21BBF9A
:10DD2000FA414BBFBB521BBF097F4BBFC6021BBF93
:10DD3000F8BB4BBFB8B21ABFC7F84BBF93621ABF4C
:10DD400078354CBF55121ABF08724CBF00C219BFBC
:10DD500079AE4CBF947119BFCBEA4CBF0F2119BFEC
:10DD6000FD264DBF73D018BF10634DBFC07F18BFD5
:10DD7000029F4DBFF52E18BFD5DA4DBF12DE17BF7B
:10DD800089164EBF188D17BF1C524EBF073C17BFD8
:10DD9000908D4EBFDFEA16BFE4C84EBF9F9916BFF5
:10DDA00017044FBF474816BF2B3F4FBFD9F615BFCB
:10DDB0001F7A4FBF54A515BFF4B44FBFB75315BF5B
:10DDC000A8EF4FBF040215BF3B2A50BF39B014BFA4
:10DDD000AF6450BF585E14BF039F50BF5F0C14BFA9
:10DDE00037D950BF50BA13BF4A1351BF2A6813BF67
:10DDF0003D4D51BFEE1513BF108751BF9AC312BFDF
:10DE0000C2C051BF307112BF54FA51BFB01E12BF11
:10DE1000C63352BF19CC11BF186D52BF6B7911BFF9
:10DE200049A652BFA72611BF59DF52BFCDD310BF9D
:10DE3000491853BFDC8010BF185153BFD52D10BFF8
:10DE4000C78953BFB8DA0FBF55C253BF84870FBF0E
:10DE5000C3FA53BF3B340FBF0F3354BFDBE00EBFD9
:10DE60003B6B54BF658D0EBF47A354BFDA390EBF5D
:10DE700031DB54BF38E60DBFFB1255BF81920DBF99
:10DE8000A44A55BFB33E0DBF2C8255BFD0EA0CBF8C
:10DE900093B955BFD7960CBFD9F055BFC9420CBF37
:10DEA000FE2756BFA5EE0BBF025F56BF6B9A0BBF96
:10DEB000E59556BF1C460BBFA7CC56BFB7F10ABFAE
:10DEC000480357BF3D9D0ABFC73957BFAD480ABF7A
:10DED000267057BF09F409BF63A657BF4E9F09BFFD
:10DEE0007FDC57BF7F4A09BF791258BF9BF508BF37
:10DEF000534858BFA1A008BF0B7E58BF924B08BF24
:10DF0000A1B358BF6FF607BF17E958BF36A107BFC7
:10DF10006A1E59BFE84B07BF9C5359BF86F606BF20
:10DF2000AD8859BF0EA106BF9CBD59BF824B06BF2D
:10DF30006AF259BFE2F505BF16275ABF2CA005BFEC
:10DF4000A05B5ABF624A05BF09905ABF84F404BF60
:10DF500050C45ABF919E04BF75F85ABF894804BF88
:10DF6000792C5BBF6DF203BF5A605BBF3D9C03BF62
:10DF70001A945BBFF84503BFB8C75BBF9FEF02BFF2
:10DF800034FB5BBF329902BF8E2E5CBFB14202BF31
:10DF9000C7615CBF1CEC01BFDD945CBF739501BF22
:10DFA000D1C75CBFB53E01BFA3FA5CBFE4E700BFC9
:10DFB000532D5DBFFF9000BFE15F5DBF063A00BF1C
:10DFC0004D925DBFF3C5FFBE97C45DBFB217FFBEE4
:10DFD000BEF65DBF4A69FEBEC3285EBFBBBAFDBECA
:10DFE000A65A5EBF040CFDBE678C5EBF275DFCBEFB
:10DFF00005BE5EBF22AEFBBE81EF5EBFF7FEFABE7E
:10E00000DB205FBFA54FFABE12525FBF2DA0F9BE45
:10E0100027835FBF8EF0F8BE19B45FBFC840F8BE5B
:10E02000E9E45FBFDC90F7BE961560BFCBE0F6BEBB
:10E03000214660BF9330F6BE897660BF3580F5BE5D
:10E04000CFA660BFB1CFF4BEF2D660BF071FF4BE4B
:10E05000F20661BF386EF3BED03661BF43BDF2BE7B
:10E060008A6661BF290CF2BE229661BFEA5AF1BEF0
:10E0700098C561BF85A9F0BEEAF461BFFBF7EFBEAA
:10E080001A2462BF4C46EFBE265362BF7994EEBE9F
:10E09000108262BF80E2EDBED7B062BF6330EDBEDA
:10E0A0007BDF62BF217EECBEFC0D63BFBBCBEBBE52
:10E0B0005A3C63BF3019EBBE956A63BF8166EABE06
:10E0C000AC9863BFAEB3E9BEA1C663BFB700E9BEFB
:10E0D00073F463BF9C4DE8BE212264BF5D9AE7BE26
:10E0E000AC4F64BFFBE6E6BE147D64BF7533E6BE8D
:10E0F00059AA64BFCB7FE5BE7BD764BFFECBE4BE2D
:10E10000790465BF0E18E4BE543165BFFA63E3BEFF
:10E110000B5E65BFC4AFE2BEA08A65BF6AFBE1BE0D
:10E1200010B765BFEE46E1BE5EE365BF4F92E0BE4D
:10E13000880F66BF8DDDDFBE8E3B66BFA928DFBEC0
:10E14000716766BFA273DEBE309366BF79BEDDBE67
:10E15000CCBE66BF2E09DDBE45EA66BFC153DCBE3C
:10E16000991567BF319EDBBECA4067BF80E8DABE43
:10E17000D86B67BFAD32DABEC19667BFB97CD9BE76
:10E1800087C167BFA3C6D8BE2AEC67BF6B10D8BED5
:10E19000A81668BF135AD7BE034168BF99A3D6BE5D
:10E1A000396B68BFFDECD5BE4C9568BF4136D5BE16
:10E1B0003CBF68BF647FD4BE07E968BF67C8D3BEF1
:10E1C000AE1269BF4811D3BE323C69BF095AD2BEF4
:10E1D000916569BFAAA2D1BECC8E69BF2AEBD0BE21
:10E1E000E4B769BF8A33D0BED7E069BFCA7BCFBE70
:10E1F000A7096ABFEAC3CEBE52326ABFEA0BCEBEDF
:10E20000D95A6ABFCA53CDBE3C836ABF8B9BCCBE72
:10E210007BAB6ABF2CE3CBBE95D36ABFAE2ACBBE25
:10E220008CFB6ABF1072CABE5E236BBF53B9C9BEF6
:10E230000C4B6BBF7700C9BE95726BBF7C47C8BEE5
:10E24000FB996BBF628EC7BE3BC16BBF29D5C6BEF3
:10E2500058E86BBFD21BC6BE500F6CBF5C62C5BE18
:10E2600024366CBFC8A8C4BED45C6CBF15EFC3BE57
:10E270005E836CBF4435C3BEC5A96CBF557BC2BEAF
:10E2800007D06CBF48C1C1BE24F66CBF1E07C1BE1B
:10E290001D1C6DBFD54CC0BEF2416DBF6F92BFBE9D
:10E2A000A1676DBFEBD7BEBE2D8D6DBF4A1DBEBE33
:10E2B00093B26DBF8B62BDBED5D76DBFAFA7BCBEDD
:10E2C000F2FC6DBFB6ECBBBEEB216EBFA031BBBE96
:10E2D000BE466EBF6E76BABE6D6B6EBF1EBBB9BE5C
:10E2E000F88F6EBFB2FFB8BE5DB46EBF2A44B8BE31
:10E2F0009ED86EBF8488B7BEBAFC6EBFC3CCB6BE14
:10E30000B0206FBFE610B6BE83446FBFEC54B5BEFD
:10E3100030686FBFD698B4BEB88B6FBFA5DCB3BEF4
:10E320001BAF6FBF5820B3BE5AD26FBFEF63B2BEF0
:10E3300073F56FBF6BA7B1BE671870BFCBEAB0BEF5
:10E34000373B70BF102EB0BEE15D70BF3A71AFBEFB
:10E35000668070BF49B4AEBEC6A270BF3CF7ADBE0A
:10E3600002C570BF153AADBE17E770BFD47CACBE16
:10E37000080971BF77BFABBED42A71BF0102ABBE23
:10E380007A4C71BF6F44AABEFB6D71BFC486A9BE33
:10E39000578F71BFFEC8A8BE8EB071BF1F0BA8BE3D
:10E3A0009FD171BF254DA7BE8CF271BF128FA6BE43
:10E3B000521372BFE5D0A5BEF43372BF9F12A5BE43
:10E3C000705472BF3F54A4BEC77472BFC595A3BE3C
:10E3D000F89472BF33D7A2BE04B572BF8718A2BE2D
:10E3E000EBD472BFC259A1BEACF472BFE59AA0BE15
:10E3F000471473BFEEDB9FBEBE3373BFDF1C9FBEEF
:10E400000E5373BFB85D9EBE397273BF789E9DBEBA
:10E410003F9173BF20DF9CBE1FB073BFAF1F9CBE78
:10E42000D9CE73BF27609BBE6EED73BF86A09ABE28
:10E43000DD0B74BFCEE099BE272A74BFFE2099BEC3
:10E440004B4874BF166198BE496674BF17A197BE4A
:10E45000228474BF00E196BED5A174BFD22096BEBF
:10E4600062BF74BF8D6095BEC9DC74BF31A094BE1D
:10E470000BFA74BFBFDF93BE271775BF351F93BE5E
:10E480001D3475BF945E92BEED5075BFDD9D91BE8B
:10E49000976D75BF10DD90BE1C8A75BF2C1C90BE99
:10E4A0007BA675BF325B8FBEB3C275BF229A8EBE8C
:10E4B000C6DE75BFFCD88DBEB3FA75BFC0178DBE62
:10E4C0007A1676BF6E568CBE1B3276BF07958BBE12
:10E4D000974D76BF8AD38ABEEC6876BFF8118ABEA4
:10E4E0001B8476BF505089BE249F76BF938E88BE12
:10E4F00007BA76BFC1CC87BEC4D476BFDA0A87BE5E
:10E500005BEF76BFDF4886BECC0977BFCE8685BE7F
:10E51000172477BFAAC484BE3C3E77BF700284BE76
:10E520003A5877BF224083BE137277BFC07D82BE48
:10E53000C58B77BF4ABB81BE51A577BFC0F880BEEF
:10E54000B7BE77BF223680BEF7D777BFE1E67EBE83
:10E5500010F177BF56617DBE040A78BFA4DB7BBE95
:10E56000D12278BFCB557ABE773B78BFCCCF78BE6F
:10E57000F85378BFA64977BE526C78BF5AC375BEB0
:10E58000868478BFE83C74BE939C78BF51B672BE57
:10E590007BB478BF942F71BE3BCC78BFB2A86FBE5E
:10E5A000D6E378BFAB216EBE4AFB78BF7F9A6CBEC4
:10E5B000981279BF2F136BBEBF2979BFBA8B69BE82
:10E5C000C04079BF220468BE9A5779BF667C66BE98
:10E5D0004E6E79BF86F464BEDC8479BF836C63BE03
:10E5E000439B79BF5CE461BE83B179BF135C60BEBD
:10E5F0009DC779BFA8D35EBE91DD79BF1A4B5DBEC2
:10E600005EF379BF6AC25BBE04097ABF97395ABE0E
:10E61000841E7ABFA4B058BEDD337ABF8F2757BEA1
:10E6200010497ABF589E55BE1C5E7ABF011554BE74
:10E6300002737ABF898B52BEC1877ABFF10151BE86
:10E64000599C7ABF38784FBECBB07ABF60EE4DBED2
:10E6500016C57ABF67644CBE3AD97ABF4FDA4ABE54
:10E6600037ED7ABF185049BE0E017BBFC2C547BE09
:10E67000BE147BBF4D3B46BE48287BBFB9B044BEED
:10E68000AB3B7BBF072643BEE74E7BBF379B41BEFC
:10E69000FC617BBF491040BEEA747BBF3E853EBE35
:10E6A000B2877BBF15FA3CBE539A7BBFCF6E3BBE91
:10E6B000CDAC7BBF6CE339BE20BF7BBFEC5738BE0F
:10E6C0004DD17BBF50CC36BE53E37BBF984035BEA7
:10E6D00031F57BBFC4B433BEE9067CBFD42832BE5B
:10E6E0007A187CBFC99C30BEE5297CBFA2102FBE22
:10E6F000283B7CBF61842DBE444C7CBF04F82BBEFC
:10E700003A5D7CBF8D6B2ABE086E7CBFFCDE28BEE6
:10E71000B07E7CBF515227BE318F7CBF8CC525BED9
:10E720008A9F7CBFAD3824BEBDAF7CBFB6AB22BED6
:10E73000C9BF7CBFA51E21BEAECF7CBF7B911FBED3
:10E740006CDF7CBF38041EBE03EF7CBFDE761CBED0
:10E7500073FE7CBF6BE91ABEBC0D7DBFE05B19BECA
:10E76000DD1C7DBF3DCE17BED82B7DBF834016BEBE
:10E77000AC3A7DBFB2B214BE59497DBFCA2413BEA4
:10E78000DE577DBFCC9611BE3D667DBFB70810BE7B
:10E7900074747DBF8B7A0EBE85827DBF4AEC0CBE41
:10E7A0006E907DBFF35D0BBE309E7DBF86CF09BEF0
:10E7B000CCAB7DBF054108BE40B97DBF6EB206BE81
:10E7C0008CC67DBFC22305BEB2D37DBF029503BEFA
:10E7D000B1E07DBF2E0602BE88ED7DBF457700BE4D
:10E7E00038FA7DBF92D0FDBDC2067EBF73B2FABDBE
:10E7F00024137EBF2C94F7BD5E1F7EBFC075F4BD91
:10E80000722B7EBF2E57F1BD5E377EBF7638EEBDD0
:10E8100023437EBF9A19EBBDC14E7EBF9AFAE7BD76
:10E82000385A7EBF76DBE4BD88657EBF2EBCE1BD75
:10E83000B0707EBFC49CDEBDB17B7EBF377DDBBDCB
:10E840008B867EBF895DD8BD3D917EBFB93DD5BD6C
:10E85000C99B7EBFC81DD2BD2DA67EBFB7FDCEBD54
:10E8600069B07EBF86DDCBBD7FBA7EBF36BDC8BD79
:10E870006DC47EBFC69CC5BD34CE7EBF397CC2BDD3
:10E88000D4D77EBF8D5BBFBD4CE17EBFC33ABCBD5C
:10E890009DEA7EBFDD19B9BDC7F37EBFDAF8B5BD0D
:10E8A000C9FC7EBFBBD7B2BDA4057FBF80B6AFBDDC
:10E8B000580E7FBF2B95ACBDE4167FBFBA73A9BDC0
:10E8C000491F7FBF3052A6BD87277FBF8C30A3BDB5
:10E8D0009D2F7FBFCF0EA0BD8D377FBFF9EC9CBDB4
:10E8E000543F7FBF0ACB99BDF4467FBF05A996BDB3
:10E8F0006D4E7FBFE78693BDBF557FBFB46490BDAB
:10E90000E95C7FBF6A428DBDEC637FBF0A208ABD90
:10E91000C76A7FBF94FD86BD7B717FBF0ADB83BD65
:10E9200008787FBF6CB880BD6D7E7FBF742B7BBDC8
:10E93000AB847FBFE9E574BDC28A7FBF38A06EBDDE
:10E94000B1907FBF625A68BD78967FBF681462BD80
:10E95000189C7FBF4CCE5BBD91A17FBF0E8855BD7B
:10E96000E3A67FBFAF414FBD0DAC7FBF2FFB48BDBE
:10E970000FB17FBF91B442BDEAB57FBFD56D3CBD3D
:10E980009EBA7FBFFC2636BD2ABF7FBF07E02FBDE2
:10E990008FC37FBFF69829BDCCC77FBFCC5123BDA5
:10E9A000E2CB7FBF880A1DBDD1CF7FBF2CC316BD70
:10E9B00098D37FBFB87B10BD37D77FBF2F340ABD38
:10E9C000AFDA7FBF90EC03BD00DE7FBFB949FBBC6F
:10E9D00029E17FBF2DBAEEBC2BE47FBF7B2AE2BCCE
:10E9E00005E77FBFA69AD5BCB8E97FBFB00AC9BC0E
:10E9F00043EC7FBF9B7ABCBCA7EE7FBF69EAAFBC8C
:10EA0000E3F07FBF1C5AA3BCF8F27FBFB6C996BC27
:10EA1000E6F47FBF38398ABCACF67FBF4B517BBC74
:10EA20004AF87FBF003062BCC1F97FBF900E49BC7D
:10EA300011FB7FBF02ED2FBC39FC7FBF59CB16BC49
:10EA400039FD7FBF3053FBBB13FE7FBF890FC9BBAE
:10EA5000C4FE7FBFC1CB96BB4EFF7FBFC70F49BB74
:10EA6000B1FF7FBFD40FC9BAECFF7FBF00000080A9
:10EA7000000080BFD40FC93AECFF7FBFC70F493BEE
:10EA8000B1FF7FBFC1CB963B4EFF7FBF890FC93B14
:10EA9000C4FE7FBF3053FB3B13FE7FBF59CB163CF8
:10EAA00039FD7FBF02ED2F3C39FC7FBF900E493C02
:10EAB00011FB7FBF0030623CC1F97FBF4B517B3CF3
:10EAC0004AF87FBF38398A3CACF67FBFB6C9963C5E
:10EAD000E6F47FBF1C5AA33CF8F27FBF69EAAF3C63
:10EAE000E3F07FBF9B7ABC3CA7EE7FBFB00AC93C76
:10EAF00043EC7FBFA69AD53CB8E97FBF7B2AE23CB6
:10EB000005E77FBF2DBAEE3C2BE47FBFB949FB3C44
:10EB100029E17FBF90EC033D00DE7FBF2F340A3D2B
:10EB2000AFDA7FBFB87B103D37D77FBF2CC3163D10
:10EB300098D37FBF880A1D3DD1CF7FBFCC51233DE5
:10EB4000E2CB7FBFF698293DCCC77FBF07E02F3DC2
:10EB50008FC37FBFFC26363D2ABF7FBFD56D3C3DAE
:10EB60009EBA7FBF91B4423DEAB57FBF2FFB483DBF
:10EB70000FB17FBFAF414F3D0DAC7FBF0E88553DFC
:10EB8000E3A67FBF4CCE5B3D91A17FBF6814623D81
:10EB9000189C7FBF625A683D78967FBF38A06E3D53
:10EBA000B1907FBFE9E5743DC28A7FBF742B7B3D86
:10EBB000AB847FBF6CB8803D6D7E7FBF0ADB833D39
:10EBC00008787FBF94FD863D7B717FBF0A208A3D18
:10EBD000C76A7FBF6A428D3DEC637FBFB464903DDE
:10EBE000E95C7FBFE786933DBF557FBF05A9963D92
:10EBF0006D4E7FBF0ACB993DF4467FBFF9EC9C3D3B
:10EC0000543F7FBFCF0EA03D8D377FBF8C30A33DDB
:10EC10009D2F7FBF3052A63D87277FBFBA73A93D86
:10EC2000491F7FBF2B95AC3DE4167FBF80B6AF3D3B
:10EC3000580E7FBFBBD7B23DA4057FBFDAF8B53D04
:10EC4000C9FC7EBFDD19B93DC7F37EBFC33ABC3DE9
:10EC50009DEA7EBF8D5BBF3D4CE17EBF397CC23DEE
:10EC6000D4D77EBFC69CC53D34CE7EBF36BDC83D21
:10EC70006DC47EBF86DDCB3D7FBA7EBFB7FDCE3D86
:10EC800069B07EBFC81DD23D2DA67EBFB93DD53D22
:10EC9000C99B7EBF895DD83D3D917EBF377DDB3D01
:10ECA0008B867EBFC49CDE3DB17B7EBF2EBCE13D2A
:10ECB000B0707EBF76DBE43D88657EBF9AFAE73DA3
:10ECC000385A7EBF9A19EB3DC14E7EBF7638EE3D75
:10ECD00023437EBF2E57F13D5E377EBFC075F43DA6
:10ECE000722B7EBF2C94F73D5E1F7EBF73B2FA3D40
:10ECF00024137EBF92D0FD3DC2067EBF4577003E05
:10ED000038FA7DBF2E06023E88ED7DBF0295033E98
:10ED1000B1E07DBFC223053EB2D37DBF6EB2063ED9
:10ED20008CC67DBF0541083E40B97DBF86CF093EF8
:10ED3000CCAB7DBFF35D0B3E309E7DBF4AEC0C3EFD
:10ED40006E907DBF8B7A0E3E85827DBFB708103EE8
:10ED500074747DBFCC96113E3D667DBFCA24133EC0
:10ED6000DE577DBFB2B2143E59497DBF8340163E87
:10ED7000AC3A7DBF3DCE173ED82B7DBFE05B193E40
:10ED8000DD1C7DBF6BE91A3EBC0D7DBFDE761C3EEF
:10ED900073FE7CBF38041E3E03EF7CBF7B911F3E99
:10EDA0006CDF7CBFA51E213EAECF7CBFB6AB223E42
:10EDB000C9BF7CBFAD38243EBDAF7CBF8CC5253EEE
:10EDC0008A9F7CBF5152273E318F7CBFFCDE283E9C
:10EDD000B07E7CBF8D6B2A3E086E7CBF04F82B3E54
:10EDE0003A5D7CBF61842D3E444C7CBFA2102F3E17
:10EDF000283B7CBFC99C303EE5297CBFD428323EED
:10EE00007A187CBFC4B4333EE9067CBF9840353ED7
:10EE100031F57BBF50CC363E53E37BBFEC57383ED9
:10EE20004DD17BBF6CE3393E20BF7BBFCF6E3B3EF5
:10EE3000CDAC7BBF15FA3C3E539A7BBF3E853E3E30
:10EE4000B2877BBF4910403EEA747BBF379B413E8F
:10EE5000FC617BBF0726433EE74E7BBFB9B0443E13
:10EE6000AB3B7BBF4D3B463E48287BBFC2C5473EC0
:10EE7000BE147BBF1850493E0E017BBF4FDA4A3E9D
:10EE800037ED7ABF67644C3E3AD97ABF60EE4D3EAB
:10EE900016C57ABF38784F3ECBB07ABFF101513EEC
:10EEA000599C7ABF898B523EC1877ABF0115543E67
:10EEB00002737ABF589E553E1C5E7ABF8F27573E1D
:10EEC00010497ABFA4B0583EDD337ABF97395A3E15
:10EED000841E7ABF6AC25B3E04097ABF1A4B5D3E4C
:10EEE0005EF379BFA8D35E3E91DD79BF135C603ECF
:10EEF0009DC779BF5CE4613E83B179BF836C633E9B
:10EF0000439B79BF86F4643EDC8479BF667C663EB1
:10EF10004E6E79BF2204683E9A5779BFBA8B693E1C
:10EF2000C04079BF2F136B3EBF2979BF7F9A6C3EDB
:10EF3000981279BFAB216E3E4AFB78BFB2A86F3EF4
:10EF4000D6E378BF942F713E3BCC78BF51B6723E6A
:10EF50007BB478BFE83C743E939C78BF5AC3753E3F
:10EF6000868478BFA649773E526C78BFCCCF783E76
:10EF7000F85378BFCB557A3E773B78BFA4DB7B3E16
:10EF8000D12278BF56617D3E040A78BFE1E67E3E1D
:10EF900010F177BF2236803EF7D777BFC0F8803EAA
:10EFA000B7BE77BF4ABB813E51A577BFC07D823EC9
:10EFB000C58B77BF2240833E137277BF7002843EB9
:10EFC0003A5877BFAAC4843E3C3E77BFCE86853E82
:10EFD000172477BFDF48863ECC0977BFDA0A873E21
:10EFE0005BEF76BFC1CC873EC4D476BF938E883E9C
:10EFF00007BA76BF5050893E249F76BFF8118A3EEB
:10F000001B8476BF8AD38A3EEC6876BF07958B3E19
:10F01000974D76BF6E568C3E1B3276BFC0178D3E25
:10F020007A1676BFFCD88D3EB3FA75BF229A8E3E13
:10F03000C6DE75BF325B8F3EB3C275BF2C1C903EDF
:10F040007BA675BF10DD903E1C8A75BFDD9D913E8D
:10F05000976D75BF945E923EED5075BF351F933E20
:10F060001D3475BFBFDF933E271775BF31A0943E97
:10F070000BFA74BF8D60953EC9DC74BFD220963EFA
:10F0800062BF74BF00E1963ED5A174BF17A1973E41
:10F09000228474BF1661983E496674BFFE20993E73
:10F0A0004B4874BFCEE0993E272A74BF86A09A3E93
:10F0B000DD0B74BF27609B3E6EED73BFAF1F9C3EA0
:10F0C000D9CE73BF20DF9C3E1FB073BF789E9D3E9C
:10F0D0003F9173BFB85D9E3E397273BFDF1C9F3E88
:10F0E0000E5373BFEEDB9F3EBE3373BFE59AA03E67
:10F0F000471473BFC259A13EACF472BF8718A23E39
:10F10000EBD472BF33D7A23E04B572BFC595A33E00
:10F11000F89472BF3F54A43EC77472BF9F12A53EBD
:10F12000705472BFE5D0A53EF43372BF128FA63E75
:10F13000521372BF254DA73E8CF271BF1F0BA83E24
:10F140009FD171BFFEC8A83E8EB071BFC486A93ED4
:10F15000578F71BF6F44AA3EFB6D71BF0102AB3E7A
:10F160007A4C71BF77BFAB3ED42A71BFD47CAC3E22
:10F17000080971BF153AAD3E17E770BF3CF7AD3EC9
:10F1800002C570BF49B4AE3EC6A270BF3A71AF3E71
:10F19000668070BF102EB03EE15D70BFCBEAB03E1E
:10F1A000373B70BF6BA7B13E671870BFEF63B23ECD
:10F1B00073F56FBF5820B33E5AD26FBFA5DCB33E84
:10F1C0001BAF6FBFD698B43EB88B6FBFEC54B53E43
:10F1D00030686FBFE610B63E83446FBFC3CCB63E07
:10F1E000B0206FBF8488B73EBAFC6EBF2A44B83ED9
:10F1F0009ED86EBFB2FFB83E5DB46EBF1EBBB93EB7
:10F20000F88F6EBF6E76BA3E6D6B6EBFA031BB3E9F
:10F21000BE466EBFB6ECBB3EEB216EBFAFA7BC3E99
:10F22000F2FC6DBF8B62BD3ED5D76DBF4A1DBE3EA1
:10F2300093B26DBFEBD7BE3E2D8D6DBF6F92BF3EBB
:10F24000A1676DBFD54CC03EF2416DBF1E07C13EE8
:10F250001D1C6DBF48C1C13E24F66CBF557BC23E2C
:10F2600007D06CBF4435C33EC5A96CBF15EFC33E84
:10F270005E836CBFC8A8C43ED45C6CBF5C62C53EF4
:10F2800024366CBFD21BC63E500F6CBF29D5C63E7C
:10F2900058E86BBF628EC73E3BC16BBF7C47C83E20
:10F2A000FB996BBF7700C93E95726BBF53B9C93EDE
:10F2B0000C4B6BBF1072CA3E5E236BBFAE2ACB3EB7
:10F2C0008CFB6ABF2CE3CB3E95D36ABF8B9BCC3EB5
:10F2D0007BAB6ABFCA53CD3E3C836ABFEA0BCE3ECE
:10F2E000D95A6ABFEAC3CE3E52326ABFCA7BCF3E0A
:10F2F000A7096ABF8A33D03ED7E069BF2AEBD03E68
:10F30000E4B769BFAAA2D13ECC8E69BF095AD23EEA
:10F31000916569BF4811D33E323C69BF67C8D33E8F
:10F32000AE1269BF647FD43E07E968BF4136D53E5F
:10F330003CBF68BFFDECD53E4C9568BF99A3D63E57
:10F34000396B68BF135AD73E034168BF6B10D83E74
:10F35000A81668BFA3C6D83E2AEC67BFB97CD93EC1
:10F3600087C167BFAD32DA3EC19667BF80E8DA3E3B
:10F37000D86B67BF319EDB3ECA4067BFC153DC3EDE
:10F38000991567BF2E09DD3E45EA66BF79BEDD3EB1
:10F39000CCBE66BFA273DE3E309366BFA928DF3EB7
:10F3A000716766BF8DDDDF3E8E3B66BF4F92E03EEC
:10F3B000880F66BFEE46E13E5EE365BF6AFBE13E55
:10F3C00010B765BFC4AFE23EA08A65BFFA63E33EF3
:10F3D0000B5E65BF0E18E43E543165BFFECBE43EC4
:10F3E000790465BFCB7FE53E7BD764BF7533E63ECE
:10F3F00059AA64BFFBE6E63E147D64BF5D9AE73E12
:10F40000AC4F64BF9C4DE83E212264BFB700E93E8B
:10F4100073F463BFAEB3E93EA1C663BF8166EA3E43
:10F42000AC9863BF3019EB3E956A63BFBBCBEB3E34
:10F430005A3C63BF217EEC3EFC0D63BF6330ED3E62
:10F440007BDF62BF80E2ED3ED7B062BF7994EE3ED3
:10F45000108262BF4C46EF3E265362BFFBF7EF3E81
:10F460001A2462BF85A9F03EEAF461BFEA5AF13E70
:10F4700098C561BF290CF23E229661BF43BDF23EA2
:10F480008A6661BF386EF33ED03661BF071FF43E17
:10F49000F20661BFB1CFF43EF2D660BF3580F53ED3
:10F4A000CFA660BF9330F63E897660BFCBE0F63ED4
:10F4B000214660BFDC90F73E961560BFC840F83E1D
:10F4C000E9E45FBF8EF0F83E19B45FBF2DA0F93EAE
:10F4D00027835FBFA54FFA3E12525FBFF7FEFA3E89
:10F4E000DB205FBF22AEFB3E81EF5EBF275DFC3EAF
:10F4F00005BE5EBF040CFD3E678C5EBFBBBAFD3E21
:10F50000A65A5EBF4A69FE3EC3285EBFB217FF3EE1
:10F51000BEF65DBFF3C5FF3E97C45DBF063A003F30
:10F520004D925DBFFF90003FE15F5DBFE4E7003FAC
:10F53000532D5DBFB53E013FA3FA5CBF7395013FFC
:10F54000D1C75CBF1CEC013FDD945CBFB142023F00
:10F55000C7615CBF3299023F8E2E5CBF9FEF023FB6
:10F5600034FB5BBFF845033FB8C75BBF3D9C033F1F
:10F570001A945BBF6DF2033F5A605BBF8948043F3A
:10F58000792C5BBF919E043F75F85ABF84F4043F09
:10F5900050C45ABF624A053F09905ABF2CA0053F8C
:10F5A000A05B5ABFE2F5053F16275ABF824B063FC4
:10F5B0006AF259BF0EA1063F9CBD59BF86F6063FB1
:10F5C000AD8859BFE84B073F9C5359BF36A1073F51
:10F5D0006A1E59BF6FF6073F17E958BF924B083FA5
:10F5E000A1B358BFA1A0083F0B7E58BF9BF5083FB1
:10F5F000534858BF7F4A093F791258BF4E9F093F71
:10F600007FDC57BF09F4093F63A657BFAD480A3FE7
:10F61000267057BF3D9D0A3FC73957BFB7F10A3F14
:10F62000480357BF1C460B3FA7CC56BF6B9A0B3FF6
:10F63000E59556BFA5EE0B3F025F56BFC9420C3F92
:10F64000FE2756BFD7960C3FD9F055BFD0EA0C3FE6
:10F6500093B955BFB33E0D3F2C8255BF81920D3FEC
:10F66000A44A55BF38E60D3FFB1255BFDA390E3FAD
:10F6700031DB54BF658D0E3F47A354BFDBE00E3F27
:10F680003B6B54BF3B340F3F0F3354BF84870F3F56
:10F69000C3FA53BFB8DA0F3F55C253BFD52D103F41
:10F6A000C78953BFDC80103F185153BFCDD3103FE3
:10F6B000491853BFA726113F59DF52BF6B79113F3D
:10F6C00049A652BF19CC113F186D52BFB01E123F50
:10F6D000C63352BF3071123F54FA51BF9AC3123F22
:10F6E000C2C051BFEE15133F108751BF2A68133FA8
:10F6F0003D4D51BF50BA133F4A1351BF5F0C143FE9
:10F7000037D950BF585E143F039F50BF39B0143FE4
:10F71000AF6450BF0402153F3B2A50BFB753153F9B
:10F72000A8EF4FBF54A5153FF4B44FBFD9F6153F0E
:10F730001F7A4FBF4748163F2B3F4FBF9F99163F39
:10F7400017044FBFDFEA163FE4C84EBF073C173F20
:10F75000908D4EBF188D173F1C524EBF12DE173FC3
:10F7600089164EBFF52E183FD5DA4DBFC07F183F22
:10F77000029F4DBF73D0183F10634DBF0F21193F3B
:10F78000FD264DBF9471193FCBEA4CBF00C2193F13
:10F7900079AE4CBF55121A3F08724CBF93621A3FA4
:10F7A00078354CBFB8B21A3FC7F84BBFC6021B3FF3
:10F7B000F8BB4BBFBB521B3F097F4BBF99A21B3FFE
:10F7C000FA414BBF5FF21B3FCC044BBF0C421C3FC6
:10F7D0007FC74ABFA2911C3F138A4ABF1FE11C3F4B
:10F7E000874C4ABF84301D3FDC0E4ABFD17F1D3F8E
:10F7F00012D149BF06CF1D3F299349BF221E1E3F8C
:10F80000215549BF266D1E3FFA1649BF12BC1E3F47
:10F81000B3D848BFE50A1F3F4E9A48BF9F591F3FC4
:10F82000CA5B48BF41A81F3F271D48BFCBF61F3FFB
:10F8300065DE47BF3B45203F849F47BF9393203FF2
:10F84000856047BFD2E1203F672147BFF92F213FA5
:10F850002AE246BF067E213FCEA246BFFBCB213F18
:10F86000546346BFD719223FBB2346BF9967223F47
:10F8700003E445BF43B5223F2DA445BFD302233F38
:10F88000396445BF4B50233F262445BFA99D233FE4
:10F89000F5E344BFEEEA233FA5A344BF1A38243F53
:10F8A000376344BF2C85243FAB2244BF25D2243F7D
:10F8B00000E243BF041F253F38A143BFCB6B253F68
:10F8C000516043BF77B8253F4C1F43BF0A05263F11
:10F8D00029DE42BF8451263FE89C42BFE39D263F7C
:10F8E000895B42BF2AEA263F0B1A42BF5636273FA2
:10F8F00070D841BF6882273FB79641BF61CE273F8E
:10F90000E15441BF401A283FEC1241BF0566283F31
:10F91000DAD040BFB0B1283FA98E40BF41FD283F9B
:10F920005C4C40BFB848293FF00940BF1594293FBF
:10F9300067C73FBF57DF293FC0843FBF802A2A3FA8
:10F94000FC413FBF8E752A3F1BFF3EBF82C02A3F4E
:10F950001BBC3EBF5B0B2B3FFF783EBF1B562B3FB4
:10F96000C5353EBFBFA02B3F6EF23DBF4AEB2B3FDC
:10F97000F9AE3DBFB9352C3F676B3DBF0F802C3FC3
:10F98000B8273DBF49CA2C3FECE33CBF69142D3F6B
:10F9900003A03CBF6F5E2D3FFC5B3CBF59A82D3FD1
:10F9A000D9173CBF29F22D3F98D33BBFDE3B2E3FFA
:10F9B0003B8F3BBF78852E3FC14A3BBFF7CE2E3FE2
:10F9C00029063BBF5B182F3F75C13ABFA5612F3F8A
:10F9D000A47C3ABFD3AA2F3FB7373ABFE6F32F3FF5
:10F9E000ACF239BFDE3C303F85AD39BFBB85303F1F
:10F9F000426839BF7CCE303FE12239BF2217313F08
:10FA000065DD38BFAD5F313FCB9738BF1DA8313FB3
:10FA1000165238BF71F0313F430C38BFAA38323F1D
:10FA200055C637BFC780323F4A8037BFC9C8323F4B
:10FA3000233A37BFAF10333FDFF336BF7A58333F37
:10FA40007FAD36BF29A0333F046736BFBCE7333FE5
:10FA50006C2036BF342F343FB8D935BF8F76343F52
:10FA6000E79235BFCFBD343FFB4B35BFF304353F85
:10FA7000F30435BFFB4B353FCFBD34BFE792353F75
:10FA80008F7634BFB8D9353F342F34BF6C20363F22
:10FA9000BCE733BF0467363F29A033BF7FAD363F95
:10FAA0007A5833BFDFF3363FAF1033BF233A373FC7
:10FAB000C9C832BF4A80373FC78032BF55C6373FBB
:10FAC000AA3832BF430C383F71F031BF1652383F6D
:10FAD0001DA831BFCB97383FAD5F31BF65DD383FE3
:10FAE000221731BFE122393F7CCE30BF4268393F17
:10FAF000BB8530BF85AD393FDE3C30BFACF2393F0E
:10FB0000E6F32FBFB7373A3FD3AA2FBFA47C3A3FC3
:10FB1000A5612FBF75C13A3F5B182FBF29063B3F38
:10FB2000F7CE2EBFC14A3B3F78852EBF3B8F3B3F70
:10FB3000DE3B2EBF98D33B3F29F22DBFD9173C3F68
:10FB400059A82DBFFC5B3C3F6F5E2DBF03A03C3F1F
:10FB500069142DBFECE33C3F49CA2CBFB8273D3F99
:10FB60000F802CBF676B3D3FB9352CBFF9AE3D3FD1
:10FB70004AEB2BBF6EF23D3FBFA02BBFC5353E3FCA
:10FB80001B562BBFFF783E3F5B0B2BBF1BBC3E3F82
:10FB900082C02ABF1BFF3E3F8E752ABFFC413F3FFC
:10FBA000802A2ABFC0843F3F57DF29BF67C73F3F36
:10FBB000159429BFF009403FB84829BF5C4C403F2D
:10FBC00041FD28BFA98E403FB0B128BFDAD0403FE9
:10FBD000056628BFEC12413F401A28BFE154413F5F
:10FBE00061CE27BFB796413F688227BF70D8413F9B
:10FBF000563627BF0B1A423F2AEA26BF895B423F8F
:10FC0000E39D26BFE89C423F845126BF29DE423F48
:10FC10000A0526BF4C1F433F77B825BF5160433FBD
:10FC2000CB6B25BF38A1433F041F25BF00E2433FF4
:10FC300025D224BFAB22443F2C8524BF3763443FE9
:10FC40001A3824BFA5A3443FEEEA23BFF5E3443F9F
:10FC5000A99D23BF2624453F4B5023BF3964453F10
:10FC6000D30223BF2DA4453F43B522BF03E4453F44
:10FC7000996722BFBB23463FD71922BF5463463F33
:10FC8000FBCB21BFCEA2463F067E21BF2AE2463FE4
:10FC9000F92F21BF6721473FD2E120BF8560473F51
:10FCA000939320BF849F473F3B4520BF65DE473F7E
:10FCB000CBF61FBF271D483F41A81FBFCA5B483F67
:10FCC0009F591FBF4E9A483FE50A1FBFB3D8483F10
:10FCD00012BC1EBFFA16493F266D1EBF2155493F73
:10FCE000221E1EBF2993493F06CF1DBF12D1493F97
:10FCF000D17F1DBFDC0E4A3F84301DBF874C4A3F79
:10FD00001FE11CBF138A4A3FA2911CBF7FC74A3F15
:10FD10000C421CBFCC044B3F5FF21BBFFA414B3F70
:10FD200099A21BBF097F4B3FBB521BBFF8BB4B3F88
:10FD3000C6021BBFC7F84B3FB8B21ABF78354C3F5D
:10FD400093621ABF08724C3F55121ABF79AE4C3FEE
:10FD500000C219BFCBEA4C3F947119BFFD264D3F3D
:10FD60000F2119BF10634D3F73D018BF029F4D3F45
:10FD7000C07F18BFD5DA4D3FF52E18BF89164E3F0C
:10FD800012DE17BF1C524E3F188D17BF908D4E3F8D
:10FD9000073C17BFE4C84E3FDFEA16BF17044F3FCA
:10FDA0009F9916BF2B3F4F3F474816BF1F7A4F3FC3
:10FDB000D9F615BFF4B44F3F54A515BFA8EF4F3F78
:10FDC000B75315BF3B2A503F040215BFAF64503FE5
:10FDD00039B014BF039F503F585E14BF37D9503F0E
:10FDE0005F0C14BF4A13513F50BA13BF3D4D513FF2
:10FDF0002A6813BF1087513FEE1513BFC2C0513F91
:10FE00009AC312BF54FA513F307112BFC633523FEA
:10FE1000B01E12BF186D523F19CC11BF49A6523FF8
:10FE20006B7911BF59DF523FA72611BF4918533FC5
:10FE3000CDD310BF1851533FDC8010BFC789533F4B
:10FE4000D52D10BF55C2533FB8DA0FBFC3FA533F89
:10FE500084870FBF0F33543F3B340FBF3B6B543F7E
:10FE6000DBE00EBF47A3543F658D0EBF31DB543F2F
:10FE7000DA390EBFFB12553F38E60DBFA44A553F95
:10FE800081920DBF2C82553FB33E0DBF93B9553FB4
:10FE9000D0EA0CBFD9F0553FD7960CBFFE27563F8E
:10FEA000C9420CBF025F563FA5EE0BBFE595563F1A
:10FEB0006B9A0BBFA7CC563F1C460BBF4803573F5E
:10FEC000B7F10ABFC739573F3D9D0ABF2670573F5C
:10FED000AD480ABF63A6573F09F409BF7FDC573F0F
:10FEE0004E9F09BF7912583F7F4A09BF5348583F78
:10FEF0009BF508BF0B7E583FA1A008BFA1B3583F98
:10FF0000924B08BF17E9583F6FF607BF6A1E593F6B
:10FF100036A107BF9C53593FE84B07BFAD88593FF7
:10FF200086F606BF9CBD593F0EA106BF6AF2593F37
:10FF3000824B06BF16275A3FE2F505BFA05B5A3F2A
:10FF40002CA005BF09905A3F624A05BF50C45A3FD2
:10FF500084F404BF75F85A3F919E04BF792C5B3F2F
:10FF6000894804BF5A605B3F6DF203BF1A945B3F40
:10FF70003D9C03BFB8C75B3FF84503BF34FB5B3F05
:10FF80009FEF02BF8E2E5C3F329902BFC7615C3F7C
:10FF9000B14202BFDD945C3F1CEC01BFD1C75C3FA6
:10FFA000739501BFA3FA5C3FB53E01BF532D5D3F82
:10FFB000E4E700BFE15F5D3FFF9000BF4D925D3F12
:10FFC000063A00BF97C45D3FF3C5FFBEBEF65D3F76
:10FFD000B217FFBEC3285E3F4A69FEBEA65A5E3F07
:10FFE000BBBAFDBE678C5E3F040CFDBE05BE5E3F26
:10FFF000275DFCBE81EF5E3F22AEFBBEDB205F3F94
:020000040801F1
:10000000F7FEFABE12525F3FA54FFABE27835F3F4D
:100010002DA0F9BE19B45F3F8EF0F8BEE9E45F3F52
:10002000C840F8BE9615603FDC90F7BE2146603FA1
:10003000CBE0F6BE8976603F9330F6BECFA6603F38
:100040003580F5BEF2D6603FB1CFF4BEF206613F17
:10005000071FF4BED036613F386EF3BE8A66613F3B
:1000600043BDF2BE2296613F290CF2BE98C5613FA6
:10007000EA5AF1BEEAF4613F85A9F0BE1A24623F54
:10008000FBF7EFBE2653623F4C46EFBE1082623F45
:100090007994EEBED7B0623F80E2EDBE7BDF623F77
:1000A0006330EDBEFC0D633F217EECBE5A3C633FE6
:1000B000BBCBEBBE956A633F3019EBBEAC98633F98
:1000C0008166EABEA1C6633FAEB3E9BE73F4633F87
:1000D000B700E9BE2122643F9C4DE8BEAC4F643FAF
:1000E0005D9AE7BE147D643FFBE6E6BE59AA643F15
:1000F0007533E6BE7BD7643FCB7FE5BE7904653FB1
:10010000FECBE4BE5431653F0E18E4BE0B5E653F86
:10011000FA63E3BEA08A653FC4AFE2BE10B7653F95
:100120006AFBE1BE5EE3653FEE46E1BE880F663FD7
:100130004F92E0BE8E3B663F8DDDDFBE7167663F4E
:10014000A928DFBE3093663FA273DEBECCBE663FF9
:1001500079BEDDBE45EA663F2E09DDBE9915673FD3
:10016000C153DCBECA40673F319EDBBED86B673FE0
:1001700080E8DABEC196673FAD32DABE87C1673F1D
:10018000B97CD9BE2AEC673FA3C6D8BEA816683F83
:100190006B10D8BE0341683F135AD7BE396B683F16
:1001A00099A3D6BE4C95683FFDECD5BE3CBF683FD9
:1001B0004136D5BE07E9683F647FD4BEAE12693FC1
:1001C00067C8D3BE323C693F4811D3BE9165693FD1
:1001D000095AD2BECC8E693FAAA2D1BEE4B7693F0C
:1001E0002AEBD0BED7E0693F8A33D0BEA7096A3F69
:1001F000CA7BCFBE52326A3FEAC3CEBED95A6A3FEB
:10020000EA0BCEBE3C836A3FCA53CDBE7BAB6A3F8E
:100210008B9BCCBE95D36A3F2CE3CBBE8CFB6A3F55
:10022000AE2ACBBE5E236B3F1072CABE0C4B6B3F37
:1002300053B9C9BE95726B3F7700C9BEFB996B3F3E
:100240007C47C8BE3BC16B3F628EC7BE58E86B3F60
:1002500029D5C6BE500F6C3FD21BC6BE24366C3F9C
:100260005C62C5BED45C6C3FC8A8C4BE5E836C3FF4
:1002700015EFC3BEC5A96C3F4435C3BE07D06C3F64
:10028000557BC2BE24F66C3F48C1C1BE1D1C6D3FEC
:100290001E07C1BEF2416D3FD54CC0BEA1676D3F88
:1002A0006F92BFBE2D8D6D3FEBD7BEBE93B26D3F3B
:1002B0004A1DBEBED5D76D3F8B62BDBEF2FC6D3F01
:1002C000AFA7BCBEEB216E3FB6ECBBBEBE466E3FD9
:1002D000A031BBBE6D6B6E3F6E76BABEF88F6E3FBF
:1002E0001EBBB9BE5DB46E3FB2FFB8BE9ED86E3FB6
:1002F0002A44B8BEBAFC6E3F8488B7BEB0206F3FB8
:10030000C3CCB6BE83446F3FE610B6BE30686F3FC5
:10031000EC54B5BEB88B6F3FD698B4BE1BAF6F3FE1
:10032000A5DCB3BE5AD26F3F5820B3BE73F56F3F02
:10033000EF63B2BE6718703F6BA7B1BE373B703F2B
:10034000CBEAB0BEE15D703F102EB0BE6680703F5C
:100350003A71AFBEC6A2703F49B4AEBE02C5703F8F
:100360003CF7ADBE17E7703F153AADBE0809713FC7
:10037000D47CACBED42A713F77BFABBE7A4C713F00
:100380000102ABBEFB6D713F6F44AABE578F713F38
:10039000C486A9BE8EB0713FFEC8A8BE9FD1713F72
:1003A0001F0BA8BE8CF2713F254DA7BE5213723FA2
:1003B000128FA6BEF433723FE5D0A5BE7054723FD3
:1003C0009F12A5BEC774723F3F54A4BEF894723FFB
:1003D000C595A3BE04B5723F33D7A2BEEBD4723F1E
:1003E0008718A2BEACF4723FC259A1BE4714733F36
:1003F000E59AA0BEBE33733FEEDB9FBE0E53733F44
:10040000DF1C9FBE3972733FB85D9EBE3F91733F44
:10041000789E9DBE1FB0733F20DF9CBED9CE733F38
:10042000AF1F9CBE6EED733F27609BBEDD0B743F1C
:1004300086A09ABE272A743FCEE099BE4B48743FEF
:10044000FE2099BE4966743F166198BE2284743FAF
:1004500017A197BED5A1743F00E196BE62BF743F5D
:10046000D22096BEC9DC743F8D6095BE0BFA743FF6
:1004700031A094BE2717753FBFDF93BE1D34753F73
:10048000351F93BEED50753F945E92BE976D753FDC
:10049000DD9D91BE1C8A753F10DD90BE7BA6753F29
:1004A0002C1C90BEB3C2753F325B8FBEC6DE753F5B
:1004B000229A8EBEB3FA753FFCD88DBE7A16763F6F
:1004C000C0178DBE1B32763F6E568CBE974D763F61
:1004D00007958BBEEC68763F8AD38ABE1B84763F35
:1004E000F8118ABE249F763F505089BE07BA763FE6
:1004F000938E88BEC4D4763FC1CC87BE5BEF763F77
:10050000DA0A87BECC09773FDF4886BE1724773FDB
:10051000CE8685BE3C3E773FAAC484BE3A58773F1C
:10052000700284BE1372773F224083BEC58B773F33
:10053000C07D82BE51A5773F4ABB81BEB7BE773F23
:10054000C0F880BEF7D7773F223680BE10F1773FE4
:10055000E1E67EBE040A783F56617DBED122783F37
:10056000A4DB7BBE773B783FCB557ABEF853783F10
:10057000CCCF78BE526C783FA64977BE8684783F50
:100580005AC375BE939C783FE83C74BE7BB4783FF9
:1005900051B672BE3BCC783F942F71BED6E3783F04
:1005A000B2A86FBE4AFB783FAB216EBE9812793F6E
:1005B0007F9A6CBEBF29793F2F136BBEC040793F35
:1005C000BA8B69BE9A57793F220468BE4E6E793F56
:1005D000667C66BEDC84793F86F464BE439B793FCB
:1005E000836C63BE83B1793F5CE461BE9DC7793F94
:1005F000135C60BE91DD793FA8D35EBE5EF3793FA8
:100600001A4B5DBE04097A3F6AC25BBE841E7A3F04
:1006100097395ABEDD337A3FA4B058BE10497A3FAD
:100620008F2757BE1C5E7A3F589E55BE02737A3F95
:10063000011554BEC1877A3F898B52BE599C7A3FBF
:10064000F10151BECBB07A3F38784FBE16C57A3F24
:1006500060EE4DBE3AD97A3F67644CBE37ED7A3FC3
:100660004FDA4ABE0E017B3F185049BEBE147B3F95
:10067000C2C547BE48287B3F4D3B46BEAB3B7B3F98
:10068000B9B044BEE74E7B3F072643BEFC617B3FCB
:10069000379B41BEEA747B3F491040BEB2877B3F27
:1006A0003E853EBE539A7B3F15FA3CBECDAC7B3FA8
:1006B000CF6E3BBE20BF7B3F6CE339BE4DD17B3F4D
:1006C000EC5738BE53E37B3F50CC36BE31F57B3F11
:1006D000984035BEE9067C3FC4B433BE7A187C3FEF
:1006E000D42832BEE5297C3FC99C30BE283B7C3FE4
:1006F000A2102FBE444C7C3F61842DBE3A5D7C3FEE
:1007000004F82BBE086E7C3F8D6B2ABEB07E7C3F0A
:10071000FCDE28BE318F7C3F515227BE8A9F7C3F32
:100720008CC525BEBDAF7C3FAD3824BEC9BF7C3F64
:10073000B6AB22BEAECF7C3FA51E21BE6CDF7C3F98
:100740007B911FBE03EF7C3F38041EBE73FE7C3FCF
:10075000DE761CBEBC0D7D3F6BE91ABEDD1C7D3F05
:10076000E05B19BED82B7D3F3DCE17BEAC3A7D3F36
:10077000834016BE59497D3FB2B214BEDE577D3F5D
:10078000CA2413BE3D667D3FCC9611BE74747D3F76
:10079000B70810BE85827D3F8B7A0EBE6E907D3F7E
:1007A0004AEC0CBE309E7D3FF35D0BBECCAB7D3F73
:1007B00086CF09BE40B97D3F054108BE8CC67D3F4E
:1007C0006EB206BEB2D37D3FC22305BEB1E07D3F0F
:1007D000029503BE88ED7D3F2E0602BE38FA7D3FAE
:1007E000457700BEC2067E3F92D0FDBD24137E3FFA
:1007F00073B2FABD5E1F7E3F2C94F7BD722B7E3F15
:10080000C075F4BD5E377E3F2E57F1BD23437E3F5A
:100810007638EEBDC14E7E3F9A19EBBD385A7E3F09
:100820009AFAE7BD88657E3F76DBE4BDB0707E3F17
:100830002EBCE1BDB17B7E3FC49CDEBD8B867E3F7E
:10084000377DDBBD3D917E3F895DD8BDC99B7E3F35
:10085000B93DD5BD2DA67E3FC81DD2BD69B07E3F36
:10086000B7FDCEBD7FBA7E3F86DDCBBD6DC47E3F7A
:1008700036BDC8BD34CE7E3FC69CC5BDD4D77E3FF5
:10088000397CC2BD4CE17E3F8D5BBFBD9DEA7E3FA2
:10089000C33ABCBDC7F37E3FDD19B9BDC9FC7E3F7D
:1008A000DAF8B5BDA4057F3FBBD7B2BD580E7F3F78
:1008B00080B6AFBDE4167F3F2B95ACBD491F7F3F8F
:1008C000BA73A9BD87277F3F3052A6BD9D2F7F3FBA
:1008D0008C30A3BD8D377F3FCF0EA0BD543F7F3FEF
:1008E000F9EC9CBDF4467F3F0ACB99BD6D4E7F3F2E
:1008F00005A996BDBF557F3FE78693BDE95C7F3F65
:10090000B46490BDEC637F3F6A428DBDC76A7F3F90
:100910000A208ABD7B717F3F94FD86BD08787F3FAA
:100920000ADB83BD6D7E7F3F6CB880BDAB847F3FAB
:10093000742B7BBDC28A7F3FE9E574BDB1907F3FD8
:1009400038A06EBD78967F3F625A68BD189C7F3F85
:10095000681462BD91A17F3F4CCE5BBDE3A67F3F93
:100960000E8855BD0DAC7F3FAF414FBD0FB17F3FEE
:100970002FFB48BDEAB57F3F91B442BD9EBA7F3F91
:10098000D56D3CBD2ABF7F3FFC2636BD8FC37F3F60
:1009900007E02FBDCCC77F3FF69829BDE2CB7F3F54
:1009A000CC5123BDD1CF7F3F880A1DBD98D37F3F57
:1009B0002CC316BD37D77F3FB87B10BDAFDA7F3F62
:1009C0002F340ABD00DE7F3F90EC03BD29E17F3F5D
:1009D000B949FBBC2BE47F3F2DBAEEBC05E77F3F56
:1009E0007B2AE2BCB8E97F3FA69AD5BC43EC7F3FA7
:1009F000B00AC9BCA7EE7F3F9B7ABCBCE3F07F3F47
:100A000069EAAFBCF8F27F3F1C5AA3BCE6F47F3F13
:100A1000B6C996BCACF67F3F38398ABC4AF87F3FEE
:100A20004B517BBCC1F97F3F003062BC11FB7F3F63
:100A3000900E49BC39FC7F3F02ED2FBC39FD7F3F52
:100A400059CB16BC13FE7F3F3053FBBBC4FE7F3F28
:100A5000890FC9BB4EFF7F3FC1CB96BBB1FF7F3F24
:100A6000C70F49BBECFF7F3FD40FC9BA900A0108FA
:100A700000000024180000001C790008A80A0108E2
:100A800018000024D83D00002C7900080000000068
:100A90000000000001000000100000000090D003E2
:080AA0000090D00300000000EB
:040000050800029954
:00000001FF
